"{"ECCCCSCSCCSCCSCCSCCSCSCCCCE", {1, 2, 5, 4, 7, 8, 9, 6, 3, 12, 11, 10, 13, 14, 15, 18, 17, 16, 25, 22, 19, 20, 21, 24, 23, 26, 27}}","{"ECCCCSCSCCSCCSCCSCCSCSCCCCE", {1, 2, 5, 4, 7, 8, 9, 6, 3, 12, 11, 10, 13, 14, 15, 18, 17, 16, 25, 26, 27, 24, 21, 20, 23, 22, 19}}","{"ECCCCSCSCCSCCSCCSCCSCSCCCCE", {1, 2, 5, 4, 7, 8, 9, 6, 3, 12, 15, 18, 17, 14, 11, 10, 13, 16, 25, 22, 19, 20, 21, 24, 23, 26, 27}}","{"ECCCCSCSCCSCCSCCSCCSCSCCCCE", {5, 6, 15, 18, 9, 8, 7, 4, 1, 10, 13, 16, 25, 22, 19, 20, 11, 2, 3, 12, 21, 24, 27, 26, 17, 14, 23}}","{"ECCCCSCSCCSCCSCCSCCSCSCCCCE", {5, 6, 15, 18, 9, 8, 7, 4, 1, 10, 13, 16, 25, 22, 19, 20, 11, 2, 3, 12, 21, 24, 27, 26, 23, 14, 17}}","{"ECCCCSCSCCSCCSCCSCCSCSCCCCE", {5, 6, 15, 18, 9, 8, 7, 16, 25, 22, 13, 4, 1, 2, 3, 12, 11, 10, 19, 20, 21, 24, 27, 26, 17, 14, 23}}","{"ECCCCSCSCCSCCSCCSCCSCSCCCCE", {5, 6, 15, 18, 9, 8, 7, 16, 25, 22, 13, 4, 1, 2, 3, 12, 11, 10, 19, 20, 21, 24, 27, 26, 23, 14, 17}}","{"ECCCCSCSCCSCCSCCSCCSCSCCCCE", {5, 6, 15, 18, 9, 8, 7, 16, 25, 22, 13, 4, 1, 10, 19, 20, 11, 2, 3, 12, 21, 24, 27, 26, 17, 14, 23}}","{"ECCCCSCSCCSCCSCCSCCSCSCCCCE", {5, 6, 15, 18, 9, 8, 7, 16, 25, 22, 13, 4, 1, 10, 19, 20, 11, 2, 3, 12, 21, 24, 27, 26, 23, 14, 17}}"
"{"ECCCCSCCCCCCCCCCCCCCCSCCCCE", {1, 2, 5, 4, 7, 8, 9, 18, 15, 6, 3, 12, 11, 14, 13, 10, 19, 22, 23, 20, 21, 24, 27, 26, 17, 16, 25}}","{"ECCCCSCCCCCCCCCCCCCCCSCCCCE", {1, 2, 5, 4, 7, 8, 9, 18, 15, 6, 3, 12, 11, 20, 21, 24, 23, 14, 13, 10, 19, 22, 25, 16, 17, 26, 27}}","{"ECCCCSCCCCCCCCCCCCCCCSCCCCE", {1, 2, 5, 4, 7, 8, 9, 18, 17, 26, 25, 16, 13, 22, 19, 10, 11, 14, 15, 6, 3, 12, 21, 20, 23, 24, 27}}","{"ECCCCSCCCCCCCCCCCCCCCSCCCCE", {1, 2, 5, 4, 7, 16, 25, 22, 13, 10, 19, 20, 11, 12, 3, 6, 15, 14, 17, 8, 9, 18, 27, 26, 23, 24, 21}}","{"ECCCCSCCCCCCCCCCCCCCCSCCCCE", {1, 2, 5, 4, 7, 16, 25, 26, 23, 14, 13, 22, 19, 10, 11, 20, 21, 24, 15, 12, 3, 6, 9, 8, 17, 18, 27}}","{"ECCCCSCCCCCCCCCCCCCCCSCCCCE", {1, 2, 5, 4, 7, 16, 25, 26, 23, 22, 19, 10, 13, 14, 11, 20, 21, 24, 15, 12, 3, 6, 9, 8, 17, 18, 27}}","{"ECCCCSCCCCCCCCCCCCCCCSCCCCE", {1, 2, 5, 4, 7, 16, 25, 26, 23, 22, 19, 10, 13, 14, 17, 8, 9, 6, 15, 18, 27, 24, 21, 20, 11, 12, 3}}","{"ECCCCSCCCCCCCCCCCCCCCSCCCCE", {1, 2, 5, 6, 3, 12, 21, 20, 11, 10, 19, 22, 23, 14, 13, 4, 7, 8, 17, 16, 25, 26, 27, 24, 15, 18, 9}}","{"ECCCCSCCCCCCCCCCCCCCCSCCCCE", {1, 2, 5, 6, 3, 12, 21, 20, 11, 10, 19, 22, 23, 14, 17, 8, 7, 4, 13, 16, 25, 26, 27, 24, 15, 18, 9}}","{"ECCCCSCCCCCCCCCCCCCCCSCCCCE", {1, 2, 5, 6, 3, 12, 21, 20, 11, 10, 19, 22, 23, 14, 17, 26, 27, 24, 15, 18, 9, 8, 7, 4, 13, 16, 25}}","{"ECCCCSCCCCCCCCCCCCCCCSCCCCE", {1, 2, 5, 6, 3, 12, 21, 20, 11, 10, 19, 22, 23, 26, 27, 24, 15, 14, 17, 18, 9, 8, 7, 4, 13, 16, 25}}","{"ECCCCSCCCCCCCCCCCCCCCSCCCCE", {1, 2, 5, 6, 3, 12, 21, 20, 11, 14, 23, 22, 25, 16, 17, 26, 27, 24, 15, 18, 9, 8, 7, 4, 13, 10, 19}}","{"ECCCCSCCCCCCCCCCCCCCCSCCCCE", {1, 2, 5, 6, 3, 12, 21, 20, 11, 14, 23, 26, 27, 24, 15, 18, 9, 8, 17, 16, 25, 22, 19, 10, 13, 4, 7}}"
"{"ECCCCSCCCCCCCSCCCCCCCSCCCCE", {1, 2, 5, 4, 7, 8, 9, 18, 15, 6, 3, 12, 11, 14, 17, 16, 25, 22, 13, 10, 19, 20, 21, 24, 23, 26, 27}}","{"ECCCCSCCCCCCCSCCCCCCCSCCCCE", {1, 2, 5, 4, 7, 16, 25, 22, 13, 10, 19, 20, 11, 14, 17, 8, 9, 18, 15, 6, 3, 12, 21, 24, 23, 26, 27}}","{"ECCCCSCCCCCCCSCCCCCCCSCCCCE", {1, 2, 5, 4, 7, 16, 25, 26, 23, 22, 13, 10, 19, 20, 21, 24, 15, 14, 11, 12, 3, 6, 9, 8, 17, 18, 27}}","{"ECCCCSCCCCCCCSCCCCCCCSCCCCE", {1, 2, 5, 4, 7, 16, 25, 26, 23, 22, 19, 10, 13, 14, 15, 6, 3, 12, 11, 20, 21, 24, 27, 18, 17, 8, 9}}","{"ECCCCSCCCCCCCSCCCCCCCSCCCCE", {1, 2, 5, 4, 7, 16, 25, 26, 23, 22, 19, 10, 13, 14, 15, 6, 9, 8, 17, 18, 27, 24, 21, 20, 11, 12, 3}}","{"ECCCCSCCCCCCCSCCCCCCCSCCCCE", {1, 2, 5, 4, 7, 16, 25, 26, 23, 22, 19, 10, 13, 14, 15, 24, 21, 20, 11, 12, 3, 6, 9, 8, 17, 18, 27}}","{"ECCCCSCCCCCCCSCCCCCCCSCCCCE", {1, 2, 5, 6, 3, 12, 21, 20, 23, 22, 19, 10, 11, 14, 17, 8, 7, 4, 13, 16, 25, 26, 27, 24, 15, 18, 9}}","{"ECCCCSCCCCCCCSCCCCCCCSCCCCE", {1, 2, 5, 6, 3, 12, 21, 20, 23, 24, 15, 18, 9, 8, 7, 4, 13, 14, 11, 10, 19, 22, 25, 16, 17, 26, 27}}","{"ECCCCSCCCCCCCSCCCCCCCSCCCCE", {1, 2, 5, 6, 3, 12, 21, 24, 15, 18, 9, 8, 17, 14, 11, 20, 19, 10, 13, 4, 7, 16, 25, 22, 23, 26, 27}}"
"{"ECCCCSCCCCCSCSCSCCCCCSCCCCE", {1, 2, 5, 4, 7, 8, 9, 18, 15, 6, 3, 12, 21, 24, 27, 26, 25, 22, 13, 16, 17, 14, 11, 10, 19, 20, 23}}","{"ECCCCSCCCCCSCSCSCCCCCSCCCCE", {1, 2, 5, 4, 7, 16, 25, 22, 23, 26, 27, 24, 21, 12, 3, 6, 9, 8, 17, 18, 15, 14, 13, 10, 11, 20, 19}}","{"ECCCCSCCCCCSCSCSCCCCCSCCCCE", {1, 2, 5, 4, 7, 16, 25, 22, 23, 26, 27, 24, 21, 12, 3, 6, 9, 8, 17, 18, 15, 14, 13, 10, 19, 20, 11}}","{"ECCCCSCCCCCSCSCSCCCCCSCCCCE", {5, 6, 15, 18, 9, 8, 7, 4, 13, 10, 1, 2, 3, 12, 21, 24, 27, 26, 17, 16, 25, 22, 19, 20, 11, 14, 23}}","{"ECCCCSCCCCCSCSCSCCCCCSCCCCE", {5, 6, 15, 18, 9, 8, 7, 4, 13, 10, 1, 2, 3, 12, 21, 24, 27, 26, 17, 16, 25, 22, 19, 20, 23, 14, 11}}","{"ECCCCSCCCCCSCSCSCCCCCSCCCCE", {5, 6, 15, 18, 9, 8, 7, 4, 13, 16, 25, 22, 19, 10, 1, 2, 3, 12, 11, 20, 21, 24, 27, 26, 17, 14, 23}}","{"ECCCCSCCCCCSCSCSCCCCCSCCCCE", {5, 6, 15, 18, 9, 8, 7, 4, 13, 16, 25, 22, 19, 10, 1, 2, 3, 12, 11, 20, 21, 24, 27, 26, 23, 14, 17}}"
"{"ECCCCSCCSCCCCCCCCCSCCSCCCCE", {1, 2, 5, 4, 7, 8, 9, 18, 17, 16, 25, 22, 13, 14, 11, 10, 19, 20, 23, 26, 27, 24, 21, 12, 15, 6, 3}}"
"{"ECCCCSCCSCCCCSCCCCSCCSCCCCE", {1, 2, 5, 4, 7, 8, 9, 18, 17, 16, 25, 22, 13, 14, 15, 6, 3, 12, 11, 10, 19, 20, 21, 24, 23, 26, 27}}","{"ECCCCSCCSCCCCSCCCCSCCSCCCCE", {1, 2, 5, 4, 7, 16, 25, 26, 23, 20, 21, 24, 15, 14, 13, 22, 19, 10, 11, 12, 3, 6, 9, 8, 17, 18, 27}}"
"{"ECCCCSCSCCSCCCCCSCCSCSCCCCE", {1, 2, 5, 4, 7, 8, 9, 18, 27, 24, 23, 22, 25, 26, 17, 16, 13, 10, 19, 20, 21, 12, 3, 6, 15, 14, 11}}"
"{"ECCCCSCSCCCCCCCCCCCSCSCCCCE", {1, 2, 5, 4, 7, 8, 9, 18, 27, 24, 23, 26, 17, 16, 25, 22, 13, 10, 19, 20, 21, 12, 3, 6, 15, 14, 11}}","{"ECCCCSCSCCCCCCCCCCCSCSCCCCE", {1, 2, 5, 4, 7, 8, 9, 18, 27, 24, 23, 26, 25, 16, 17, 14, 15, 6, 3, 12, 21, 20, 19, 22, 13, 10, 11}}","{"ECCCCSCSCCCCCCCCCCCSCSCCCCE", {1, 2, 5, 4, 7, 16, 25, 26, 27, 24, 23, 14, 13, 22, 19, 10, 11, 20, 21, 12, 3, 6, 9, 8, 17, 18, 15}}","{"ECCCCSCSCCCCCCCCCCCSCSCCCCE", {1, 2, 5, 4, 7, 16, 25, 26, 27, 24, 23, 14, 17, 8, 9, 18, 15, 6, 3, 12, 21, 20, 19, 22, 13, 10, 11}}","{"ECCCCSCSCCCCCCCCCCCSCSCCCCE", {1, 2, 5, 6, 3, 12, 21, 20, 19, 22, 23, 14, 17, 8, 9, 18, 15, 24, 27, 26, 25, 16, 7, 4, 13, 10, 11}}","{"ECCCCSCSCCCCCCCCCCCSCSCCCCE", {1, 2, 5, 6, 3, 12, 21, 20, 19, 22, 23, 26, 25, 16, 17, 14, 15, 24, 27, 18, 9, 8, 7, 4, 13, 10, 11}}"
"{"ECCCCCCCCCCSCSCSCCCCCCCCCCE", {1, 2, 5, 4, 7, 8, 17, 14, 13, 16, 25, 26, 27, 18, 9, 6, 3, 12, 15, 24, 21, 20, 11, 10, 19, 22, 23}}","{"ECCCCCCCCCCSCSCSCCCCCCCCCCE", {1, 2, 5, 4, 7, 8, 17, 14, 13, 16, 25, 26, 27, 18, 9, 6, 3, 12, 15, 24, 21, 20, 23, 22, 19, 10, 11}}","{"ECCCCCCCCCCSCSCSCCCCCCCCCCE", {1, 2, 5, 4, 7, 8, 17, 14, 15, 12, 3, 6, 9, 18, 27, 24, 21, 20, 11, 10, 19, 22, 13, 16, 25, 26, 23}}","{"ECCCCCCCCCCSCSCSCCCCCCCCCCE", {1, 2, 5, 4, 7, 8, 17, 14, 15, 12, 3, 6, 9, 18, 27, 24, 21, 20, 11, 10, 19, 22, 23, 26, 25, 16, 13}}","{"ECCCCCCCCCCSCSCSCCCCCCCCCCE", {1, 2, 5, 4, 7, 8, 17, 14, 15, 12, 3, 6, 9, 18, 27, 26, 25, 16, 13, 22, 19, 10, 11, 20, 21, 24, 23}}","{"ECCCCCCCCCCSCSCSCCCCCCCCCCE", {1, 2, 5, 4, 7, 8, 17, 14, 15, 12, 3, 6, 9, 18, 27, 26, 25, 16, 13, 22, 19, 10, 11, 20, 23, 24, 21}}","{"ECCCCCCCCCCSCSCSCCCCCCCCCCE", {1, 2, 5, 4, 7, 8, 17, 14, 15, 24, 27, 18, 9, 6, 3, 12, 21, 20, 11, 10, 19, 22, 13, 16, 25, 26, 23}}","{"ECCCCCCCCCCSCSCSCCCCCCCCCCE", {1, 2, 5, 4, 7, 8, 17, 14, 15, 24, 27, 18, 9, 6, 3, 12, 21, 20, 11, 10, 19, 22, 23, 26, 25, 16, 13}}","{"ECCCCCCCCCCSCSCSCCCCCCCCCCE", {1, 2, 5, 4, 7, 8, 17, 16, 13, 22, 25, 26, 27, 18, 9, 6, 3, 12, 15, 14, 11, 10, 19, 20, 23, 24, 21}}","{"ECCCCCCCCCCSCSCSCCCCCCCCCCE", {1, 2, 5, 4, 7, 8, 17, 16, 13, 22, 25, 26, 27, 18, 9, 6, 3, 12, 15, 14, 23, 24, 21, 20, 11, 10, 19}}","{"ECCCCCCCCCCSCSCSCCCCCCCCCCE", {1, 2, 5, 4, 7, 8, 17, 16, 13, 22, 25, 26, 27, 18, 9, 6, 3, 12, 15, 24, 21, 20, 23, 14, 11, 10, 19}}","{"ECCCCCCCCCCSCSCSCCCCCCCCCCE", {1, 2, 5, 4, 13, 10, 19, 20, 11, 12, 3, 6, 9, 8, 7, 16, 25, 22, 23, 14, 17, 26, 27, 18, 15, 24, 21}}","{"ECCCCCCCCCCSCSCSCCCCCCCCCCE", {1, 2, 5, 4, 13, 10, 19, 20, 11, 12, 3, 6, 9, 8, 7, 16, 25, 22, 23, 26, 27, 18, 17, 14, 15, 24, 21}}","{"ECCCCCCCCCCSCSCSCCCCCCCCCCE", {1, 2, 5, 4, 13, 10, 19, 20, 11, 12, 21, 24, 27, 18, 9, 8, 7, 16, 17, 26, 25, 22, 23, 14, 15, 6, 3}}","{"ECCCCCCCCCCSCSCSCCCCCCCCCCE", {1, 2, 5, 4, 13, 10, 19, 22, 23, 20, 21, 24, 27, 26, 25, 16, 7, 8, 17, 18, 9, 6, 15, 14, 11, 12, 3}}","{"ECCCCCCCCCCSCSCSCCCCCCCCCCE", {1, 2, 5, 4, 13, 10, 19, 22, 23, 26, 25, 16, 7, 8, 9, 6, 3, 12, 11, 20, 21, 24, 15, 14, 17, 18, 27}}","{"ECCCCCCCCCCSCSCSCCCCCCCCCCE", {1, 2, 5, 6, 3, 12, 11, 14, 23, 20, 21, 24, 27, 26, 25, 22, 19, 10, 13, 4, 7, 16, 17, 8, 9, 18, 15}}","{"ECCCCCCCCCCSCSCSCCCCCCCCCCE", {1, 2, 5, 6, 3, 12, 11, 14, 23, 22, 25, 26, 27, 24, 21, 20, 19, 10, 13, 4, 7, 16, 17, 8, 9, 18, 15}}","{"ECCCCCCCCCCSCSCSCCCCCCCCCCE", {1, 2, 5, 6, 3, 12, 15, 14, 11, 20, 21, 24, 27, 18, 9, 8, 7, 4, 13, 10, 19, 22, 23, 26, 25, 16, 17}}","{"ECCCCCCCCCCSCSCSCCCCCCCCCCE", {1, 2, 5, 14, 11, 10, 19, 20, 23, 22, 25, 26, 27, 24, 21, 12, 3, 6, 15, 18, 9, 8, 17, 16, 7, 4, 13}}","{"ECCCCCCCCCCSCSCSCCCCCCCCCCE", {1, 2, 5, 14, 11, 10, 19, 22, 23, 20, 21, 12, 3, 6, 9, 8, 7, 4, 13, 16, 25, 26, 17, 18, 27, 24, 15}}","{"ECCCCCCCCCCSCSCSCCCCCCCCCCE", {1, 2, 5, 14, 11, 20, 19, 10, 13, 4, 7, 8, 9, 6, 3, 12, 21, 24, 15, 18, 27, 26, 17, 16, 25, 22, 23}}","{"ECCCCCCCCCCSCSCSCCCCCCCCCCE", {1, 2, 5, 14, 11, 20, 19, 10, 13, 4, 7, 8, 9, 6, 3, 12, 21, 24, 15, 18, 27, 26, 23, 22, 25, 16, 17}}","{"ECCCCCCCCCCSCSCSCCCCCCCCCCE", {1, 2, 5, 14, 11, 20, 21, 24, 15, 12, 3, 6, 9, 18, 27, 26, 25, 16, 17, 8, 7, 4, 13, 10, 19, 22, 23}}","{"ECCCCCCCCCCSCSCSCCCCCCCCCCE", {1, 2, 5, 14, 13, 4, 7, 8, 17, 16, 25, 26, 27, 18, 9, 6, 3, 12, 15, 24, 21, 20, 11, 10, 19, 22, 23}}","{"ECCCCCCCCCCSCSCSCCCCCCCCCCE", {1, 2, 5, 14, 13, 4, 7, 8, 17, 16, 25, 26, 27, 18, 9, 6, 3, 12, 15, 24, 21, 20, 23, 22, 19, 10, 11}}","{"ECCCCCCCCCCSCSCSCCCCCCCCCCE", {1, 2, 5, 14, 15, 6, 3, 12, 11, 20, 21, 24, 27, 18, 9, 8, 7, 4, 13, 10, 19, 22, 23, 26, 25, 16, 17}}","{"ECCCCCCCCCCSCSCSCCCCCCCCCCE", {1, 2, 5, 14, 15, 24, 21, 20, 11, 12, 3, 6, 9, 18, 27, 26, 25, 16, 17, 8, 7, 4, 13, 10, 19, 22, 23}}","{"ECCCCCCCCCCSCSCSCCCCCCCCCCE", {1, 2, 5, 14, 17, 8, 7, 4, 13, 16, 25, 26, 27, 18, 9, 6, 3, 12, 15, 24, 21, 20, 11, 10, 19, 22, 23}}","{"ECCCCCCCCCCSCSCSCCCCCCCCCCE", {1, 2, 5, 14, 17, 8, 7, 4, 13, 16, 25, 26, 27, 18, 9, 6, 3, 12, 15, 24, 21, 20, 23, 22, 19, 10, 11}}","{"ECCCCCCCCCCSCSCSCCCCCCCCCCE", {1, 2, 5, 14, 17, 26, 27, 18, 15, 24, 21, 12, 3, 6, 9, 8, 7, 4, 13, 16, 25, 22, 23, 20, 19, 10, 11}}"
"{"ECCCCCCCSCCSCSCSCCSCCCCCCCE", {1, 2, 5, 4, 7, 8, 17, 16, 13, 10, 19, 22, 25, 26, 27, 18, 9, 6, 15, 24, 21, 20, 23, 14, 11, 12, 3}}"
"{"ECCCCCCCCSCCCSCCCSCCCCCCCCE", {1, 2, 5, 4, 7, 8, 17, 16, 25, 22, 19, 10, 13, 14, 15, 6, 9, 18, 27, 26, 23, 24, 21, 20, 11, 12, 3}}","{"ECCCCCCCCSCCCSCCCSCCCCCCCCE", {1, 2, 5, 4, 7, 8, 17, 16, 25, 22, 19, 10, 13, 14, 15, 18, 9, 6, 3, 12, 11, 20, 21, 24, 23, 26, 27}}","{"ECCCCCCCCSCCCSCCCSCCCCCCCCE", {1, 2, 5, 4, 7, 8, 17, 18, 9, 6, 3, 12, 15, 14, 13, 16, 25, 22, 19, 10, 11, 20, 21, 24, 23, 26, 27}}","{"ECCCCCCCCSCCCSCCCSCCCCCCCCE", {1, 2, 5, 6, 3, 12, 15, 24, 21, 20, 19, 10, 11, 14, 17, 18, 9, 8, 7, 4, 13, 16, 25, 22, 23, 26, 27}}"
"{"ECCCCCCCCSCCCCCCCSCCCCCCCCE", {1, 2, 5, 4, 7, 8, 17, 16, 25, 22, 19, 10, 13, 14, 23, 26, 27, 24, 21, 20, 11, 12, 3, 6, 15, 18, 9}}","{"ECCCCCCCCSCCCCCCCSCCCCCCCCE", {1, 2, 5, 4, 7, 8, 17, 18, 9, 6, 3, 12, 15, 14, 23, 24, 27, 26, 25, 16, 13, 22, 19, 10, 11, 20, 21}}","{"ECCCCCCCCSCCCCCCCSCCCCCCCCE", {1, 2, 5, 4, 7, 16, 17, 8, 9, 6, 3, 12, 11, 14, 13, 10, 19, 20, 21, 24, 15, 18, 27, 26, 23, 22, 25}}","{"ECCCCCCCCSCCCCCCCSCCCCCCCCE", {1, 2, 5, 6, 3, 12, 11, 20, 21, 24, 27, 18, 15, 14, 23, 26, 25, 22, 19, 10, 13, 4, 7, 16, 17, 8, 9}}"
"{"ECCCCCCCCSCSCSCSCSCCCCCCCCE", {1, 2, 5, 4, 7, 8, 17, 16, 25, 22, 19, 20, 21, 12, 3, 6, 9, 18, 27, 26, 23, 24, 15, 14, 11, 10, 13}}","{"ECCCCCCCCSCSCSCSCSCCCCCCCCE", {1, 2, 5, 4, 7, 8, 17, 16, 25, 26, 27, 18, 9, 6, 3, 12, 21, 20, 19, 22, 13, 10, 11, 14, 15, 24, 23}}","{"ECCCCCCCCSCSCSCSCSCCCCCCCCE", {1, 2, 5, 4, 7, 8, 17, 16, 25, 26, 27, 18, 9, 6, 3, 12, 21, 20, 19, 22, 13, 10, 11, 14, 23, 24, 15}}","{"ECCCCCCCCSCSCSCSCSCCCCCCCCE", {1, 2, 5, 4, 7, 16, 17, 8, 9, 6, 3, 12, 21, 20, 19, 22, 25, 26, 27, 18, 15, 24, 23, 14, 11, 10, 13}}","{"ECCCCCCCCSCSCSCSCSCCCCCCCCE", {1, 2, 5, 4, 7, 16, 17, 8, 9, 6, 3, 12, 21, 20, 19, 22, 25, 26, 27, 18, 15, 24, 23, 14, 13, 10, 11}}","{"ECCCCCCCCSCSCSCSCSCCCCCCCCE", {1, 2, 5, 4, 13, 10, 11, 20, 19, 22, 25, 16, 7, 8, 9, 6, 3, 12, 21, 24, 15, 14, 17, 18, 27, 26, 23}}","{"ECCCCCCCCSCSCSCSCSCCCCCCCCE", {1, 2, 5, 4, 13, 10, 11, 20, 19, 22, 25, 16, 7, 8, 9, 6, 3, 12, 21, 24, 15, 14, 23, 26, 17, 18, 27}}","{"ECCCCCCCCSCSCSCSCSCCCCCCCCE", {1, 2, 5, 4, 13, 10, 11, 20, 19, 22, 25, 16, 7, 8, 9, 6, 3, 12, 21, 24, 15, 14, 23, 26, 27, 18, 17}}","{"ECCCCCCCCSCSCSCSCSCCCCCCCCE", {1, 2, 5, 4, 13, 10, 11, 20, 19, 22, 25, 16, 7, 8, 9, 6, 3, 12, 21, 24, 15, 18, 17, 14, 23, 26, 27}}","{"ECCCCCCCCSCSCSCSCSCCCCCCCCE", {1, 2, 5, 4, 13, 10, 11, 20, 19, 22, 25, 16, 7, 8, 9, 6, 3, 12, 21, 24, 15, 18, 27, 26, 17, 14, 23}}","{"ECCCCCCCCSCSCSCSCSCCCCCCCCE", {1, 2, 5, 4, 13, 10, 11, 20, 19, 22, 25, 16, 7, 8, 9, 6, 3, 12, 21, 24, 15, 18, 27, 26, 23, 14, 17}}","{"ECCCCCCCCSCSCSCSCSCCCCCCCCE", {1, 2, 5, 4, 13, 10, 11, 20, 19, 22, 25, 16, 7, 8, 9, 6, 3, 12, 21, 24, 23, 14, 15, 18, 17, 26, 27}}","{"ECCCCCCCCSCSCSCSCSCCCCCCCCE", {1, 2, 5, 4, 13, 10, 11, 20, 19, 22, 25, 16, 7, 8, 9, 6, 3, 12, 21, 24, 23, 14, 15, 18, 27, 26, 17}}","{"ECCCCCCCCSCSCSCSCSCCCCCCCCE", {1, 2, 5, 4, 13, 10, 11, 20, 19, 22, 25, 16, 7, 8, 9, 6, 3, 12, 21, 24, 23, 14, 17, 26, 27, 18, 15}}","{"ECCCCCCCCSCSCSCSCSCCCCCCCCE", {1, 2, 5, 4, 13, 10, 11, 20, 19, 22, 25, 16, 7, 8, 9, 6, 3, 12, 21, 24, 23, 26, 17, 14, 15, 18, 27}}","{"ECCCCCCCCSCSCSCSCSCCCCCCCCE", {1, 2, 5, 4, 13, 10, 11, 20, 19, 22, 25, 16, 7, 8, 9, 6, 3, 12, 21, 24, 23, 26, 27, 18, 15, 14, 17}}","{"ECCCCCCCCSCSCSCSCSCCCCCCCCE", {1, 2, 5, 4, 13, 10, 11, 20, 19, 22, 25, 16, 7, 8, 9, 6, 3, 12, 21, 24, 23, 26, 27, 18, 17, 14, 15}}","{"ECCCCCCCCSCSCSCSCSCCCCCCCCE", {1, 2, 5, 4, 13, 10, 11, 20, 21, 12, 3, 6, 9, 8, 7, 16, 25, 26, 27, 24, 15, 18, 17, 14, 23, 22, 19}}","{"ECCCCCCCCSCSCSCSCSCCCCCCCCE", {1, 2, 5, 4, 13, 14, 11, 10, 19, 20, 21, 12, 3, 6, 9, 8, 7, 16, 25, 22, 23, 26, 17, 18, 27, 24, 15}}","{"ECCCCCCCCSCSCSCSCSCCCCCCCCE", {1, 2, 5, 4, 13, 14, 11, 10, 19, 20, 21, 12, 3, 6, 9, 8, 7, 16, 25, 22, 23, 26, 27, 24, 15, 18, 17}}","{"ECCCCCCCCSCSCSCSCSCCCCCCCCE", {1, 2, 5, 4, 13, 14, 11, 10, 19, 22, 25, 16, 7, 8, 9, 6, 3, 12, 21, 20, 23, 24, 15, 18, 27, 26, 17}}","{"ECCCCCCCCSCSCSCSCSCCCCCCCCE", {1, 2, 5, 4, 13, 14, 11, 10, 19, 22, 25, 16, 7, 8, 9, 6, 3, 12, 21, 20, 23, 24, 27, 26, 17, 18, 15}}","{"ECCCCCCCCSCSCSCSCSCCCCCCCCE", {1, 2, 5, 14, 11, 10, 13, 4, 7, 8, 9, 6, 3, 12, 21, 20, 19, 22, 25, 16, 17, 26, 23, 24, 27, 18, 15}}","{"ECCCCCCCCSCSCSCSCSCCCCCCCCE", {1, 2, 5, 14, 11, 10, 13, 4, 7, 8, 9, 6, 3, 12, 21, 20, 19, 22, 25, 16, 17, 26, 27, 18, 15, 24, 23}}","{"ECCCCCCCCSCSCSCSCSCCCCCCCCE", {1, 2, 5, 14, 11, 10, 13, 4, 7, 16, 25, 22, 19, 20, 21, 12, 3, 6, 9, 8, 17, 18, 15, 24, 27, 26, 23}}","{"ECCCCCCCCSCSCSCSCSCCCCCCCCE", {1, 2, 5, 14, 11, 10, 13, 4, 7, 16, 25, 22, 19, 20, 21, 12, 3, 6, 9, 8, 17, 18, 27, 26, 23, 24, 15}}","{"ECCCCCCCCSCSCSCSCSCCCCCCCCE", {1, 2, 5, 14, 15, 18, 17, 8, 9, 6, 3, 12, 21, 24, 27, 26, 25, 16, 7, 4, 13, 10, 11, 20, 19, 22, 23}}","{"ECCCCCCCCSCSCSCSCSCCCCCCCCE", {1, 2, 5, 14, 15, 18, 17, 8, 9, 6, 3, 12, 21, 24, 27, 26, 25, 16, 7, 4, 13, 10, 19, 22, 23, 20, 11}}","{"ECCCCCCCCSCSCSCSCSCCCCCCCCE", {1, 2, 5, 14, 15, 24, 23, 26, 27, 18, 9, 6, 3, 12, 21, 20, 19, 22, 25, 16, 17, 8, 7, 4, 13, 10, 11}}","{"ECCCCCCCCSCSCSCSCSCCCCCCCCE", {5, 6, 9, 8, 17, 14, 15, 18, 27, 24, 21, 12, 3, 2, 1, 4, 7, 16, 25, 26, 23, 22, 13, 10, 19, 20, 11}}","{"ECCCCCCCCSCSCSCSCSCCCCCCCCE", {5, 6, 9, 8, 17, 14, 15, 18, 27, 24, 21, 12, 3, 2, 1, 4, 7, 16, 25, 26, 23, 22, 19, 20, 11, 10, 13}}","{"ECCCCCCCCSCSCSCSCSCCCCCCCCE", {5, 6, 9, 8, 17, 14, 15, 18, 27, 26, 25, 16, 7, 4, 1, 2, 3, 12, 21, 24, 23, 20, 11, 10, 19, 22, 13}}","{"ECCCCCCCCSCSCSCSCSCCCCCCCCE", {5, 6, 9, 8, 17, 14, 15, 18, 27, 26, 25, 16, 7, 4, 1, 2, 3, 12, 21, 24, 23, 20, 19, 22, 13, 10, 11}}","{"ECCCCCCCCSCSCSCSCSCCCCCCCCE", {5, 6, 9, 8, 17, 18, 15, 24, 27, 26, 25, 16, 7, 4, 1, 2, 3, 12, 21, 20, 11, 10, 19, 22, 13, 14, 23}}","{"ECCCCCCCCSCSCSCSCSCCCCCCCCE", {5, 6, 9, 8, 17, 18, 15, 24, 27, 26, 25, 16, 7, 4, 1, 2, 3, 12, 21, 20, 11, 10, 19, 22, 23, 14, 13}}","{"ECCCCCCCCSCSCSCSCSCCCCCCCCE", {5, 6, 9, 8, 17, 18, 15, 24, 27, 26, 25, 16, 7, 4, 1, 2, 3, 12, 21, 20, 11, 14, 13, 10, 19, 22, 23}}","{"ECCCCCCCCSCSCSCSCSCCCCCCCCE", {5, 6, 9, 8, 17, 18, 15, 24, 27, 26, 25, 16, 7, 4, 1, 2, 3, 12, 21, 20, 23, 14, 13, 22, 19, 10, 11}}","{"ECCCCCCCCSCSCSCSCSCCCCCCCCE", {5, 6, 9, 8, 17, 18, 15, 24, 27, 26, 25, 16, 7, 4, 1, 2, 3, 12, 21, 20, 23, 22, 19, 10, 11, 14, 13}}","{"ECCCCCCCCSCSCSCSCSCCCCCCCCE", {5, 6, 9, 8, 17, 18, 15, 24, 27, 26, 25, 16, 7, 4, 1, 2, 3, 12, 21, 20, 23, 22, 19, 10, 13, 14, 11}}","{"ECCCCCCCCSCSCSCSCSCCCCCCCCE", {5, 6, 9, 18, 15, 14, 17, 8, 7, 4, 1, 2, 3, 12, 21, 24, 27, 26, 25, 16, 13, 22, 19, 10, 11, 20, 23}}","{"ECCCCCCCCSCSCSCSCSCCCCCCCCE", {5, 6, 9, 18, 15, 14, 17, 8, 7, 16, 25, 26, 27, 24, 21, 12, 3, 2, 1, 4, 13, 10, 19, 22, 23, 20, 11}}","{"ECCCCCCCCSCSCSCSCSCCCCCCCCE", {5, 6, 15, 18, 9, 8, 17, 16, 7, 4, 1, 2, 3, 12, 21, 24, 27, 26, 25, 22, 13, 10, 19, 20, 11, 14, 23}}","{"ECCCCCCCCSCSCSCSCSCCCCCCCCE", {5, 6, 15, 18, 9, 8, 17, 16, 7, 4, 1, 2, 3, 12, 21, 24, 27, 26, 25, 22, 13, 10, 19, 20, 23, 14, 11}}","{"ECCCCCCCCSCSCSCSCSCCCCCCCCE", {5, 6, 15, 18, 9, 8, 17, 16, 7, 4, 1, 2, 3, 12, 21, 24, 27, 26, 25, 22, 23, 20, 19, 10, 11, 14, 13}}","{"ECCCCCCCCSCSCSCSCSCCCCCCCCE", {5, 6, 15, 18, 9, 8, 17, 16, 7, 4, 1, 2, 3, 12, 21, 24, 27, 26, 25, 22, 23, 20, 19, 10, 13, 14, 11}}"
"{"ECCCCCSCCSCSCSCSCSCCSCCCCCE", {1, 2, 5, 4, 7, 8, 17, 26, 27, 18, 9, 6, 3, 12, 21, 20, 19, 22, 25, 16, 13, 10, 11, 14, 15, 24, 23}}","{"ECCCCCSCCSCSCSCSCSCCSCCCCCE", {1, 2, 5, 4, 7, 8, 17, 26, 27, 18, 9, 6, 3, 12, 21, 20, 19, 22, 25, 16, 13, 10, 11, 14, 23, 24, 15}}","{"ECCCCCSCCSCSCSCSCSCCSCCCCCE", {1, 2, 5, 4, 13, 10, 11, 12, 21, 24, 27, 18, 9, 8, 7, 16, 25, 22, 19, 20, 23, 26, 17, 14, 15, 6, 3}}","{"ECCCCCSCCSCSCSCSCSCCSCCCCCE", {1, 2, 5, 14, 15, 18, 17, 16, 25, 26, 27, 24, 21, 12, 3, 6, 9, 8, 7, 4, 13, 22, 19, 10, 11, 20, 23}}","{"ECCCCCSCCSCSCSCSCSCCSCCCCCE", {1, 2, 5, 14, 15, 18, 17, 16, 25, 26, 27, 24, 21, 12, 3, 6, 9, 8, 7, 4, 13, 22, 23, 20, 19, 10, 11}}"
"{"ECCCCCSCCSCCCCCCCSCCSCCCCCE", {1, 2, 5, 4, 7, 8, 17, 26, 27, 24, 21, 20, 23, 14, 13, 16, 25, 22, 19, 10, 11, 12, 3, 6, 15, 18, 9}}","{"ECCCCCSCCSCCCCCCCSCCSCCCCCE", {1, 2, 5, 4, 7, 16, 13, 10, 19, 22, 25, 26, 23, 14, 11, 20, 21, 12, 3, 6, 15, 24, 27, 18, 17, 8, 9}}","{"ECCCCCSCCSCCCCCCCSCCSCCCCCE", {1, 2, 5, 6, 3, 12, 11, 10, 19, 20, 21, 24, 23, 14, 15, 18, 9, 8, 7, 4, 13, 22, 25, 16, 17, 26, 27}}","{"ECCCCCSCCSCCCCCCCSCCSCCCCCE", {1, 2, 5, 6, 3, 12, 11, 10, 19, 20, 21, 24, 23, 14, 15, 18, 27, 26, 25, 22, 13, 4, 7, 16, 17, 8, 9}}"
"{"ECCCCSCSCCCCCSCCCCCSCSCCCCE", {1, 2, 5, 4, 7, 16, 25, 22, 19, 20, 11, 10, 13, 14, 15, 18, 17, 8, 9, 6, 3, 12, 21, 24, 23, 26, 27}}"
"{"ECCCCSCCCCCSCCCSCCCCCSCCCCE", {1, 2, 5, 4, 7, 16, 25, 26, 23, 22, 13, 14, 15, 12, 3, 6, 9, 8, 17, 18, 27, 24, 21, 20, 11, 10, 19}}"
"{"ECCCCCCSCCSCCSCCSCCSCCCCCCE", {1, 2, 5, 4, 13, 10, 19, 20, 21, 24, 15, 6, 9, 8, 7, 16, 17, 18, 27, 26, 25, 22, 23, 14, 11, 12, 3}}","{"ECCCCCCSCCSCCSCCSCCSCCCCCCE", {1, 2, 5, 4, 13, 10, 19, 20, 21, 24, 15, 6, 9, 18, 27, 26, 17, 8, 7, 16, 25, 22, 23, 14, 11, 12, 3}}","{"ECCCCCCSCCSCCSCCSCCSCCCCCCE", {1, 2, 5, 4, 13, 10, 19, 20, 21, 24, 23, 22, 25, 16, 7, 8, 17, 26, 27, 18, 9, 6, 15, 14, 11, 12, 3}}","{"ECCCCCCSCCSCCSCCSCCSCCCCCCE", {1, 2, 5, 4, 13, 10, 19, 20, 21, 24, 23, 22, 25, 26, 27, 18, 17, 16, 7, 8, 9, 6, 15, 14, 11, 12, 3}}","{"ECCCCCCSCCSCCSCCSCCSCCCCCCE", {1, 2, 5, 4, 13, 10, 19, 22, 25, 26, 23, 20, 21, 24, 27, 18, 17, 16, 7, 8, 9, 6, 15, 14, 11, 12, 3}}","{"ECCCCCCSCCSCCSCCSCCSCCCCCCE", {1, 2, 5, 14, 11, 10, 19, 20, 21, 24, 23, 22, 25, 26, 27, 18, 15, 12, 3, 6, 9, 8, 17, 16, 7, 4, 13}}","{"ECCCCCCSCCSCCSCCSCCSCCCCCCE", {1, 2, 5, 14, 11, 10, 19, 22, 25, 26, 23, 20, 21, 12, 3, 6, 15, 24, 27, 18, 9, 8, 17, 16, 7, 4, 13}}","{"ECCCCCCSCCSCCSCCSCCSCCCCCCE", {1, 2, 5, 14, 11, 10, 19, 22, 25, 26, 23, 20, 21, 24, 27, 18, 15, 12, 3, 6, 9, 8, 17, 16, 7, 4, 13}}","{"ECCCCCCSCCSCCSCCSCCSCCCCCCE", {1, 2, 5, 14, 11, 20, 21, 12, 3, 6, 15, 24, 27, 18, 9, 8, 17, 26, 25, 16, 7, 4, 13, 10, 19, 22, 23}}","{"ECCCCCCSCCSCCSCCSCCSCCCCCCE", {1, 2, 5, 14, 11, 20, 21, 12, 3, 6, 15, 24, 27, 26, 25, 16, 17, 18, 9, 8, 7, 4, 13, 10, 19, 22, 23}}","{"ECCCCCCSCCSCCSCCSCCSCCCCCCE", {1, 2, 5, 14, 11, 20, 21, 24, 27, 18, 15, 12, 3, 6, 9, 8, 17, 26, 25, 16, 7, 4, 13, 10, 19, 22, 23}}","{"ECCCCCCSCCSCCSCCSCCSCCCCCCE", {1, 2, 5, 14, 13, 4, 7, 8, 9, 18, 17, 16, 25, 26, 27, 24, 15, 6, 3, 12, 21, 20, 11, 10, 19, 22, 23}}","{"ECCCCCCSCCSCCSCCSCCSCCCCCCE", {1, 2, 5, 14, 13, 4, 7, 8, 9, 18, 17, 16, 25, 26, 27, 24, 15, 6, 3, 12, 21, 20, 23, 22, 19, 10, 11}}","{"ECCCCCCSCCSCCSCCSCCSCCCCCCE", {1, 2, 5, 14, 13, 4, 7, 16, 25, 26, 17, 8, 9, 6, 3, 12, 15, 18, 27, 24, 21, 20, 11, 10, 19, 22, 23}}","{"ECCCCCCSCCSCCSCCSCCSCCCCCCE", {1, 2, 5, 14, 13, 4, 7, 16, 25, 26, 17, 8, 9, 6, 3, 12, 15, 18, 27, 24, 21, 20, 23, 22, 19, 10, 11}}","{"ECCCCCCSCCSCCSCCSCCSCCCCCCE", {1, 2, 5, 14, 13, 4, 7, 16, 25, 26, 17, 8, 9, 18, 27, 24, 15, 6, 3, 12, 21, 20, 11, 10, 19, 22, 23}}","{"ECCCCCCSCCSCCSCCSCCSCCCCCCE", {1, 2, 5, 14, 13, 4, 7, 16, 25, 26, 17, 8, 9, 18, 27, 24, 15, 6, 3, 12, 21, 20, 23, 22, 19, 10, 11}}","{"ECCCCCCSCCSCCSCCSCCSCCCCCCE", {1, 2, 5, 14, 15, 18, 27, 24, 21, 20, 23, 26, 25, 22, 19, 10, 11, 12, 3, 6, 9, 8, 17, 16, 7, 4, 13}}","{"ECCCCCCSCCSCCSCCSCCSCCCCCCE", {1, 2, 5, 14, 15, 18, 27, 26, 25, 22, 23, 24, 21, 20, 19, 10, 11, 12, 3, 6, 9, 8, 17, 16, 7, 4, 13}}"
"{"ECCCCCCSCSCCCCCCCSCSCCCCCCE", {1, 2, 5, 4, 13, 10, 19, 20, 21, 24, 27, 18, 15, 14, 11, 12, 3, 6, 9, 8, 7, 16, 17, 26, 23, 22, 25}}","{"ECCCCCCSCSCCCCCCCSCSCCCCCCE", {1, 2, 5, 4, 13, 10, 19, 20, 21, 24, 27, 18, 15, 14, 11, 12, 3, 6, 9, 8, 7, 16, 17, 26, 25, 22, 23}}","{"ECCCCCCSCSCCCCCCCSCSCCCCCCE", {1, 2, 5, 4, 13, 10, 19, 20, 21, 24, 27, 18, 17, 26, 23, 22, 25, 16, 7, 8, 9, 6, 15, 14, 11, 12, 3}}","{"ECCCCCCSCSCCCCCCCSCSCCCCCCE", {1, 2, 5, 4, 13, 10, 19, 20, 21, 24, 27, 26, 17, 14, 23, 22, 25, 16, 7, 8, 9, 18, 15, 6, 3, 12, 11}}","{"ECCCCCCSCSCCCCCCCSCSCCCCCCE", {1, 2, 5, 4, 13, 10, 19, 20, 21, 24, 27, 26, 17, 18, 15, 6, 9, 8, 7, 16, 25, 22, 23, 14, 11, 12, 3}}","{"ECCCCCCSCSCCCCCCCSCSCCCCCCE", {1, 2, 5, 4, 13, 10, 19, 22, 25, 16, 7, 8, 17, 14, 15, 12, 3, 6, 9, 18, 27, 26, 23, 24, 21, 20, 11}}","{"ECCCCCCSCSCCCCCCCSCSCCCCCCE", {1, 2, 5, 4, 13, 10, 19, 22, 25, 16, 7, 8, 17, 14, 23, 26, 27, 18, 9, 6, 3, 12, 11, 20, 21, 24, 15}}","{"ECCCCCCSCSCCCCCCCSCSCCCCCCE", {1, 2, 5, 4, 13, 10, 19, 22, 25, 16, 7, 8, 17, 14, 23, 26, 27, 18, 9, 6, 3, 12, 15, 24, 21, 20, 11}}","{"ECCCCCCSCSCCCCCCCSCSCCCCCCE", {1, 2, 5, 4, 13, 10, 19, 22, 25, 26, 27, 18, 15, 14, 17, 16, 7, 8, 9, 6, 3, 12, 11, 20, 21, 24, 23}}","{"ECCCCCCSCSCCCCCCCSCSCCCCCCE", {1, 2, 5, 4, 13, 16, 7, 8, 9, 6, 3, 12, 15, 14, 11, 10, 19, 20, 21, 24, 27, 18, 17, 26, 23, 22, 25}}","{"ECCCCCCSCSCCCCCCCSCSCCCCCCE", {1, 2, 5, 4, 13, 16, 7, 8, 9, 6, 3, 12, 15, 14, 11, 10, 19, 20, 21, 24, 27, 18, 17, 26, 25, 22, 23}}","{"ECCCCCCSCSCCCCCCCSCSCCCCCCE", {1, 2, 5, 4, 13, 16, 7, 8, 9, 6, 3, 12, 15, 14, 17, 18, 27, 26, 25, 22, 19, 10, 11, 20, 21, 24, 23}}","{"ECCCCCCSCSCCCCCCCSCSCCCCCCE", {1, 2, 5, 14, 11, 10, 19, 22, 25, 26, 27, 18, 15, 24, 23, 20, 21, 12, 3, 6, 9, 8, 17, 16, 7, 4, 13}}","{"ECCCCCCSCSCCCCCCCSCSCCCCCCE", {1, 2, 5, 14, 11, 20, 21, 12, 3, 6, 9, 8, 17, 18, 15, 24, 27, 26, 25, 16, 7, 4, 13, 10, 19, 22, 23}}","{"ECCCCCCSCSCCCCCCCSCSCCCCCCE", {1, 2, 5, 14, 13, 4, 7, 16, 25, 26, 27, 24, 15, 18, 17, 8, 9, 6, 3, 12, 21, 20, 11, 10, 19, 22, 23}}","{"ECCCCCCSCSCCCCCCCSCSCCCCCCE", {1, 2, 5, 14, 13, 4, 7, 16, 25, 26, 27, 24, 15, 18, 17, 8, 9, 6, 3, 12, 21, 20, 23, 22, 19, 10, 11}}","{"ECCCCCCSCSCCCCCCCSCSCCCCCCE", {1, 2, 5, 14, 15, 18, 27, 26, 25, 22, 19, 10, 11, 20, 23, 24, 21, 12, 3, 6, 9, 8, 17, 16, 7, 4, 13}}","{"ECCCCCCSCSCCCCCCCSCSCCCCCCE", {5, 6, 9, 8, 17, 16, 7, 4, 1, 2, 3, 12, 11, 14, 13, 10, 19, 22, 25, 26, 27, 18, 15, 24, 21, 20, 23}}","{"ECCCCCCSCSCCCCCCCSCSCCCCCCE", {5, 6, 9, 8, 17, 18, 27, 24, 21, 20, 19, 10, 11, 14, 15, 12, 3, 2, 1, 4, 7, 16, 13, 22, 25, 26, 23}}","{"ECCCCCCSCSCCCCCCCSCSCCCCCCE", {5, 6, 9, 8, 17, 18, 27, 24, 21, 20, 19, 22, 13, 14, 23, 26, 25, 16, 7, 4, 1, 10, 11, 2, 3, 12, 15}}","{"ECCCCCCSCSCCCCCCCSCSCCCCCCE", {5, 6, 9, 8, 17, 18, 27, 26, 25, 16, 7, 4, 13, 14, 11, 12, 3, 2, 1, 10, 19, 22, 23, 20, 21, 24, 15}}","{"ECCCCCCSCSCCCCCCCSCSCCCCCCE", {5, 6, 9, 8, 17, 18, 27, 26, 25, 16, 7, 4, 13, 14, 23, 22, 19, 10, 1, 2, 3, 12, 11, 20, 21, 24, 15}}","{"ECCCCCCSCSCCCCCCCSCSCCCCCCE", {5, 6, 9, 8, 17, 18, 27, 26, 25, 16, 7, 4, 13, 14, 23, 22, 19, 10, 1, 2, 3, 12, 15, 24, 21, 20, 11}}","{"ECCCCCCSCSCCCCCCCSCSCCCCCCE", {5, 6, 9, 18, 15, 24, 27, 26, 25, 16, 7, 8, 17, 14, 13, 4, 1, 2, 3, 12, 21, 20, 11, 10, 19, 22, 23}}","{"ECCCCCCSCSCCCCCCCSCSCCCCCCE", {5, 6, 9, 18, 15, 24, 27, 26, 25, 16, 7, 8, 17, 14, 13, 4, 1, 2, 3, 12, 21, 20, 23, 22, 19, 10, 11}}"
"{"ECCCCCCSCSCCCSCCCSCSCCCCCCE", {1, 2, 5, 4, 13, 10, 19, 22, 25, 16, 7, 8, 17, 14, 11, 20, 21, 12, 3, 6, 9, 18, 15, 24, 23, 26, 27}}","{"ECCCCCCSCSCCCSCCCSCSCCCCCCE", {1, 2, 5, 4, 13, 10, 19, 22, 25, 16, 7, 8, 17, 14, 11, 20, 21, 12, 3, 6, 9, 18, 15, 24, 27, 26, 23}}","{"ECCCCCCSCSCCCSCCCSCSCCCCCCE", {5, 6, 9, 8, 17, 18, 27, 26, 25, 16, 7, 4, 13, 14, 15, 24, 21, 12, 3, 2, 1, 10, 11, 20, 19, 22, 23}}","{"ECCCCCCSCSCCCSCCCSCSCCCCCCE", {5, 6, 9, 18, 15, 24, 27, 26, 25, 16, 7, 8, 17, 14, 11, 20, 21, 12, 3, 2, 1, 4, 13, 10, 19, 22, 23}}","{"ECCCCCCSCSCCCSCCCSCSCCCCCCE", {5, 6, 9, 18, 17, 8, 7, 4, 1, 2, 3, 12, 15, 14, 13, 16, 25, 26, 27, 24, 21, 20, 11, 10, 19, 22, 23}}","{"ECCCCCCSCSCCCSCCCSCSCCCCCCE", {5, 6, 9, 18, 17, 8, 7, 4, 1, 2, 3, 12, 15, 14, 13, 16, 25, 26, 27, 24, 21, 20, 23, 22, 19, 10, 11}}","{"ECCCCCCSCSCCCSCCCSCSCCCCCCE", {5, 6, 9, 18, 17, 8, 7, 16, 25, 26, 27, 24, 15, 14, 13, 4, 1, 2, 3, 12, 21, 20, 11, 10, 19, 22, 23}}"
"{"ECCCCCCSCSCCSCSCCSCSCCCCCCE", {1, 2, 5, 4, 13, 10, 19, 22, 25, 16, 7, 8, 17, 26, 23, 20, 21, 24, 27, 18, 9, 6, 15, 14, 11, 12, 3}}","{"ECCCCCCSCSCCSCSCCSCSCCCCCCE", {1, 2, 5, 14, 11, 10, 19, 20, 21, 12, 3, 6, 15, 24, 23, 22, 25, 26, 27, 18, 9, 8, 17, 16, 7, 4, 13}}","{"ECCCCCCSCSCCSCSCCSCSCCCCCCE", {1, 2, 5, 14, 11, 20, 21, 24, 27, 26, 25, 16, 17, 18, 15, 12, 3, 6, 9, 8, 7, 4, 13, 10, 19, 22, 23}}","{"ECCCCCCSCSCCSCSCCSCSCCCCCCE", {1, 2, 5, 14, 13, 4, 7, 8, 9, 6, 3, 12, 15, 18, 17, 16, 25, 26, 27, 24, 21, 20, 11, 10, 19, 22, 23}}","{"ECCCCCCSCSCCSCSCCSCSCCCCCCE", {1, 2, 5, 14, 13, 4, 7, 8, 9, 6, 3, 12, 15, 18, 17, 16, 25, 26, 27, 24, 21, 20, 23, 22, 19, 10, 11}}"
"{"ECCCCCCSCCCCCSCCCCCSCCCCCCE", {1, 2, 5, 4, 13, 10, 19, 22, 25, 26, 17, 16, 7, 8, 9, 6, 15, 18, 27, 24, 21, 20, 23, 14, 11, 12, 3}}","{"ECCCCCCSCCCCCSCCCCCSCCCCCCE", {1, 2, 5, 4, 13, 10, 19, 22, 25, 26, 17, 16, 7, 8, 9, 18, 15, 6, 3, 12, 21, 20, 11, 14, 23, 24, 27}}","{"ECCCCCCSCCCCCSCCCCCSCCCCCCE", {1, 2, 5, 4, 13, 16, 7, 8, 9, 18, 15, 6, 3, 12, 21, 20, 11, 10, 19, 22, 25, 26, 17, 14, 23, 24, 27}}","{"ECCCCCCSCCCCCSCCCCCSCCCCCCE", {1, 2, 5, 4, 13, 16, 7, 8, 9, 18, 17, 26, 25, 22, 19, 10, 11, 20, 21, 12, 3, 6, 15, 14, 23, 24, 27}}","{"ECCCCCCSCCCCCSCCCCCSCCCCCCE", {1, 2, 5, 6, 15, 18, 9, 8, 7, 4, 13, 10, 19, 22, 25, 16, 17, 26, 27, 24, 21, 20, 23, 14, 11, 12, 3}}","{"ECCCCCCSCCCCCSCCCCCSCCCCCCE", {1, 2, 5, 14, 11, 10, 19, 22, 25, 16, 13, 4, 7, 8, 9, 18, 15, 6, 3, 12, 21, 20, 23, 24, 27, 26, 17}}","{"ECCCCCCSCCCCCSCCCCCSCCCCCCE", {1, 2, 5, 14, 11, 20, 21, 12, 3, 6, 15, 18, 9, 8, 7, 4, 13, 10, 19, 22, 25, 16, 17, 26, 27, 24, 23}}","{"ECCCCCCSCCCCCSCCCCCSCCCCCCE", {1, 2, 5, 14, 13, 4, 7, 8, 9, 18, 15, 6, 3, 12, 21, 20, 11, 10, 19, 22, 25, 16, 17, 26, 27, 24, 23}}","{"ECCCCCCSCCCCCSCCCCCSCCCCCCE", {1, 2, 5, 14, 15, 6, 3, 12, 21, 20, 11, 10, 19, 22, 25, 16, 13, 4, 7, 8, 9, 18, 17, 26, 27, 24, 23}}","{"ECCCCCCSCCCCCSCCCCCSCCCCCCE", {1, 2, 5, 14, 15, 6, 3, 12, 21, 20, 11, 10, 19, 22, 25, 26, 23, 24, 27, 18, 9, 8, 17, 16, 7, 4, 13}}"
"{"ECCCSCCSCSCCCSCCCSCSCCSCCCE", {1, 2, 5, 4, 13, 22, 25, 16, 7, 8, 9, 18, 17, 14, 11, 10, 19, 20, 21, 12, 3, 6, 15, 24, 23, 26, 27}}","{"ECCCSCCSCSCCCSCCCSCSCCSCCCE", {1, 2, 5, 4, 13, 22, 25, 16, 7, 8, 9, 18, 17, 14, 11, 10, 19, 20, 21, 12, 3, 6, 15, 24, 27, 26, 23}}","{"ECCCSCCSCSCCCSCCCSCSCCSCCCE", {5, 6, 9, 8, 17, 26, 25, 16, 7, 4, 1, 10, 13, 14, 15, 18, 27, 24, 21, 12, 3, 2, 11, 20, 19, 22, 23}}","{"ECCCSCCSCSCCCSCCCSCSCCSCCCE", {5, 6, 9, 18, 15, 12, 3, 2, 1, 4, 7, 8, 17, 14, 11, 20, 21, 24, 27, 26, 25, 16, 13, 10, 19, 22, 23}}"
"{"ECCCSCCSCSCCCCCCCSCSCCSCCCE", {1, 2, 5, 4, 13, 22, 25, 16, 7, 8, 9, 18, 17, 14, 15, 6, 3, 12, 21, 24, 27, 26, 23, 20, 11, 10, 19}}","{"ECCCSCCSCSCCCCCCCSCSCCSCCCE", {1, 2, 5, 4, 13, 22, 25, 16, 7, 8, 9, 18, 17, 14, 15, 6, 3, 12, 21, 24, 27, 26, 23, 20, 19, 10, 11}}","{"ECCCSCCSCSCCCCCCCSCSCCSCCCE", {1, 2, 5, 4, 13, 22, 25, 16, 7, 8, 9, 18, 17, 14, 23, 26, 27, 24, 21, 20, 19, 10, 11, 12, 3, 6, 15}}","{"ECCCSCCSCSCCCCCCCSCSCCSCCCE", {5, 6, 9, 8, 17, 26, 25, 16, 7, 4, 1, 10, 13, 14, 11, 2, 3, 12, 21, 20, 19, 22, 23, 24, 27, 18, 15}}"
"{"ECCCCCSCCSCCCSCCCSCCSCCCCCE", {1, 2, 5, 6, 3, 12, 11, 10, 19, 20, 21, 24, 15, 14, 13, 4, 7, 8, 9, 18, 17, 16, 25, 22, 23, 26, 27}}"
"{"ECSCCCCCCSCCCSCCCSCCCCCCSCE", {1, 2, 5, 8, 7, 4, 13, 10, 19, 22, 25, 16, 17, 14, 11, 12, 3, 6, 9, 18, 15, 24, 21, 20, 23, 26, 27}}","{"ECSCCCCCCSCCCSCCCSCCCCCCSCE", {1, 2, 5, 8, 7, 4, 13, 10, 19, 22, 25, 16, 17, 14, 11, 12, 3, 6, 9, 18, 15, 24, 27, 26, 23, 20, 21}}","{"ECSCCCCCCSCCCSCCCSCCCCCCSCE", {1, 2, 5, 8, 7, 4, 13, 16, 25, 22, 19, 10, 11, 14, 17, 18, 9, 6, 3, 12, 15, 24, 21, 20, 23, 26, 27}}","{"ECSCCCCCCSCCCSCCCSCCCCCCSCE", {1, 2, 5, 8, 9, 18, 15, 6, 3, 12, 21, 20, 11, 14, 17, 26, 25, 16, 7, 4, 13, 10, 19, 22, 23, 24, 27}}"
"{"ECSCCSCCCCCCCCCCCCCCCSCCSCE", {1, 2, 5, 8, 9, 6, 3, 12, 11, 14, 15, 18, 27, 26, 17, 16, 7, 4, 13, 10, 19, 20, 21, 24, 23, 22, 25}}","{"ECSCCSCCCCCCCCCCCCCCCSCCSCE", {1, 2, 5, 8, 9, 18, 27, 26, 17, 14, 15, 6, 3, 12, 11, 20, 19, 10, 13, 4, 7, 16, 25, 22, 23, 24, 21}}"
"{"ECSCCSCSCCCCCSCCCCCSCSCCSCE", {1, 2, 5, 8, 9, 6, 3, 12, 21, 24, 15, 18, 17, 14, 11, 10, 13, 4, 7, 16, 25, 22, 19, 20, 23, 26, 27}}"
"{"ECSCCCCCCSCSCSCSCSCCCCCCSCE", {1, 2, 5, 8, 17, 14, 13, 4, 7, 16, 25, 26, 27, 18, 9, 6, 3, 12, 21, 20, 11, 10, 19, 22, 23, 24, 15}}"
"{"ECSCCCCSCSCCCSCCCSCSCCCCSCE", {1, 2, 5, 8, 17, 18, 9, 6, 3, 12, 21, 24, 15, 14, 13, 4, 7, 16, 25, 22, 19, 10, 11, 20, 23, 26, 27}}"
"{"ECCSCCCCCCCSCSCSCCCCCCCSCCE", {1, 2, 5, 14, 23, 26, 27, 18, 15, 24, 21, 12, 3, 6, 9, 8, 7, 4, 13, 10, 11, 20, 19, 22, 25, 16, 17}}","{"ECCSCCCCCCCSCSCSCCCCCCCSCCE", {5, 6, 9, 8, 7, 4, 13, 16, 17, 26, 25, 22, 19, 10, 1, 2, 3, 12, 11, 14, 15, 18, 27, 24, 21, 20, 23}}","{"ECCSCCCCCCCSCSCSCCCCCCCSCCE", {5, 6, 9, 8, 7, 4, 13, 16, 17, 26, 25, 22, 19, 10, 1, 2, 3, 12, 11, 14, 23, 20, 21, 24, 27, 18, 15}}"
"{"ESCCSCCSCCSCCSCCSCCSCCSCCSE", {1, 2, 3, 6, 5, 4, 7, 8, 9, 18, 15, 12, 11, 14, 17, 16, 13, 10, 19, 20, 21, 24, 23, 22, 25, 26, 27}}","{"ESCCSCCSCCSCCSCCSCCSCCSCCSE", {1, 2, 3, 6, 5, 4, 7, 8, 9, 18, 15, 12, 11, 14, 17, 16, 13, 10, 19, 22, 25, 26, 23, 20, 21, 24, 27}}","{"ESCCSCCSCCSCCSCCSCCSCCSCCSE", {1, 2, 3, 6, 5, 4, 7, 8, 9, 18, 15, 12, 21, 20, 19, 22, 23, 24, 27, 26, 25, 16, 13, 10, 11, 14, 17}}","{"ESCCSCCSCCSCCSCCSCCSCCSCCSE", {1, 2, 3, 6, 5, 4, 7, 8, 9, 18, 15, 12, 21, 24, 27, 26, 23, 20, 11, 14, 17, 16, 13, 10, 19, 22, 25}}","{"ESCCSCCSCCSCCSCCSCCSCCSCCSE", {1, 2, 3, 6, 5, 4, 7, 8, 9, 18, 15, 12, 21, 24, 27, 26, 23, 20, 19, 22, 25, 16, 13, 10, 11, 14, 17}}","{"ESCCSCCSCCSCCSCCSCCSCCSCCSE", {1, 2, 3, 6, 5, 4, 7, 8, 9, 18, 17, 16, 13, 14, 15, 12, 11, 10, 19, 20, 21, 24, 23, 22, 25, 26, 27}}","{"ESCCSCCSCCSCCSCCSCCSCCSCCSE", {1, 2, 3, 6, 5, 4, 7, 8, 9, 18, 17, 16, 25, 22, 19, 20, 23, 26, 27, 24, 21, 12, 11, 10, 13, 14, 15}}","{"ESCCSCCSCCSCCSCCSCCSCCSCCSE", {1, 2, 3, 6, 5, 4, 7, 8, 9, 18, 17, 16, 25, 26, 27, 24, 23, 22, 13, 14, 15, 12, 11, 10, 19, 20, 21}}","{"ESCCSCCSCCSCCSCCSCCSCCSCCSE", {1, 2, 3, 6, 5, 4, 7, 8, 9, 18, 17, 16, 25, 26, 27, 24, 23, 22, 19, 20, 21, 12, 11, 10, 13, 14, 15}}","{"ESCCSCCSCCSCCSCCSCCSCCSCCSE", {1, 2, 3, 6, 5, 4, 7, 16, 25, 26, 17, 8, 9, 18, 27, 24, 23, 22, 13, 14, 15, 12, 11, 10, 19, 20, 21}}","{"ESCCSCCSCCSCCSCCSCCSCCSCCSE", {1, 2, 3, 6, 5, 4, 7, 16, 25, 26, 17, 8, 9, 18, 27, 24, 23, 22, 19, 20, 21, 12, 11, 10, 13, 14, 15}}"
"{"ESCCSCCSCSCCCCCCCSCSCCSCCSE", {1, 2, 3, 6, 5, 4, 7, 8, 9, 18, 27, 24, 23, 26, 17, 16, 25, 22, 19, 20, 21, 12, 11, 10, 13, 14, 15}}","{"ESCCSCCSCSCCCCCCCSCSCCSCCSE", {1, 2, 3, 6, 5, 4, 7, 8, 9, 18, 27, 26, 23, 24, 15, 12, 21, 20, 19, 22, 25, 16, 13, 10, 11, 14, 17}}"
"{"ESCCSCCCCCCSCCCSCCCCCCSCCSE", {1, 2, 3, 6, 5, 4, 7, 8, 17, 16, 25, 22, 19, 10, 13, 14, 15, 24, 21, 12, 11, 20, 23, 26, 27, 18, 9}}"
"{"ESCCSCCCSCCCCCCCCCSCCCSCCSE", {1, 2, 3, 6, 5, 4, 7, 16, 13, 10, 19, 20, 11, 14, 15, 12, 21, 24, 23, 22, 25, 26, 17, 8, 9, 18, 27}}"
"{"ESCCSCCCSCCCCSCCCCSCCCSCCSE", {1, 2, 3, 6, 5, 4, 7, 16, 13, 10, 19, 20, 11, 14, 17, 8, 9, 18, 15, 12, 21, 24, 23, 22, 25, 26, 27}}","{"ESCCSCCCSCCCCSCCCCSCCCSCCSE", {1, 2, 3, 6, 15, 24, 21, 12, 11, 10, 19, 20, 23, 14, 5, 8, 9, 18, 17, 16, 7, 4, 13, 22, 25, 26, 27}}"
"{"ESCCSCCCCCCCCSCCCCCCCCSCCSE", {1, 2, 3, 6, 5, 4, 7, 16, 17, 8, 9, 18, 15, 14, 13, 10, 19, 20, 11, 12, 21, 24, 23, 22, 25, 26, 27}}"
"{"ESCCSCCCCCCSCSCSCCCCCCSCCSE", {1, 2, 3, 6, 5, 4, 7, 16, 17, 8, 9, 18, 27, 26, 25, 22, 19, 20, 23, 24, 21, 12, 11, 10, 13, 14, 15}}"
"{"ESCCSCCSCSCCSCSCCSCSCCSCCSE", {1, 2, 3, 6, 5, 4, 7, 16, 25, 22, 19, 20, 23, 26, 17, 8, 9, 18, 27, 24, 21, 12, 11, 10, 13, 14, 15}}"
"{"ESCCSCCCCSCCCSCCCSCCCCSCCSE", {1, 2, 3, 6, 5, 4, 13, 10, 19, 20, 21, 12, 11, 14, 17, 16, 7, 8, 9, 18, 15, 24, 23, 22, 25, 26, 27}}","{"ESCCSCCCCSCCCSCCCSCCCCSCCSE", {1, 2, 3, 6, 5, 4, 13, 16, 7, 8, 9, 18, 17, 14, 11, 10, 19, 20, 21, 12, 15, 24, 23, 22, 25, 26, 27}}"
"{"ESCCSCCCCSCCCCCCCSCCCCSCCSE", {1, 2, 3, 6, 5, 4, 13, 10, 19, 20, 21, 12, 11, 14, 23, 22, 25, 26, 27, 24, 15, 18, 17, 16, 7, 8, 9}}","{"ESCCSCCCCSCCCCCCCSCCCCSCCSE", {1, 2, 3, 6, 5, 4, 13, 10, 19, 22, 25, 16, 17, 14, 23, 26, 27, 24, 21, 20, 11, 12, 15, 18, 9, 8, 7}}"
"{"ESCCSCSCCSCCCCCCCSCCSCSCCSE", {1, 2, 3, 6, 5, 4, 13, 22, 25, 26, 27, 24, 23, 14, 11, 10, 19, 20, 21, 12, 15, 18, 17, 16, 7, 8, 9}}"
"{"ESCCCCCCCCCCCSCCCCCCCCCCCSE", {1, 2, 3, 6, 5, 8, 7, 4, 13, 10, 11, 20, 19, 22, 25, 16, 17, 14, 15, 12, 21, 24, 23, 26, 27, 18, 9}}","{"ESCCCCCCCCCCCSCCCCCCCCCCCSE", {1, 2, 3, 6, 5, 8, 7, 4, 13, 14, 17, 16, 25, 22, 19, 10, 11, 20, 21, 12, 15, 24, 23, 26, 27, 18, 9}}","{"ESCCCCCCCCCCCSCCCCCCCCCCCSE", {1, 2, 3, 6, 5, 8, 7, 4, 13, 16, 17, 26, 25, 22, 19, 10, 11, 14, 15, 12, 21, 20, 23, 24, 27, 18, 9}}","{"ESCCCCCCCCCCCSCCCCCCCCCCCSE", {1, 2, 3, 6, 5, 8, 7, 4, 13, 16, 17, 26, 25, 22, 19, 10, 11, 14, 23, 20, 21, 12, 15, 24, 27, 18, 9}}","{"ESCCCCCCCCCCCSCCCCCCCCCCCSE", {1, 2, 3, 6, 5, 8, 7, 4, 13, 16, 17, 26, 25, 22, 19, 10, 11, 20, 21, 12, 15, 14, 23, 24, 27, 18, 9}}","{"ESCCCCCCCCCCCSCCCCCCCCCCCSE", {1, 2, 3, 6, 5, 8, 7, 4, 13, 16, 25, 26, 17, 14, 11, 10, 19, 22, 23, 20, 21, 12, 15, 24, 27, 18, 9}}","{"ESCCCCCCCCCCCSCCCCCCCCCCCSE", {1, 2, 3, 6, 5, 8, 9, 18, 15, 14, 17, 26, 25, 16, 7, 4, 13, 10, 19, 22, 23, 20, 11, 12, 21, 24, 27}}","{"ESCCCCCCCCCCCSCCCCCCCCCCCSE", {1, 2, 3, 6, 5, 8, 9, 18, 15, 24, 21, 12, 11, 14, 17, 16, 7, 4, 13, 10, 19, 20, 23, 22, 25, 26, 27}}","{"ESCCCCCCCCCCCSCCCCCCCCCCCSE", {1, 2, 3, 6, 5, 8, 9, 18, 17, 14, 15, 12, 21, 24, 27, 26, 23, 22, 19, 20, 11, 10, 13, 4, 7, 16, 25}}","{"ESCCCCCCCCCCCSCCCCCCCCCCCSE", {1, 2, 3, 6, 5, 8, 9, 18, 17, 26, 23, 22, 25, 16, 7, 4, 13, 10, 19, 20, 11, 14, 15, 12, 21, 24, 27}}","{"ESCCCCCCCCCCCSCCCCCCCCCCCSE", {1, 2, 3, 6, 5, 14, 13, 4, 7, 8, 17, 16, 25, 22, 19, 10, 11, 20, 21, 12, 15, 24, 23, 26, 27, 18, 9}}","{"ESCCCCCCCCCCCSCCCCCCCCCCCSE", {1, 2, 3, 6, 5, 14, 13, 4, 7, 16, 17, 8, 9, 18, 27, 26, 23, 24, 15, 12, 21, 20, 11, 10, 19, 22, 25}}","{"ESCCCCCCCCCCCSCCCCCCCCCCCSE", {1, 2, 3, 6, 5, 14, 15, 12, 21, 24, 23, 26, 27, 18, 9, 8, 17, 16, 7, 4, 13, 10, 11, 20, 19, 22, 25}}","{"ESCCCCCCCCCCCSCCCCCCCCCCCSE", {1, 2, 3, 6, 5, 14, 17, 8, 7, 4, 13, 16, 25, 22, 19, 10, 11, 20, 21, 12, 15, 24, 23, 26, 27, 18, 9}}","{"ESCCCCCCCCCCCSCCCCCCCCCCCSE", {1, 2, 3, 6, 15, 12, 11, 20, 21, 24, 23, 26, 25, 22, 19, 10, 13, 4, 7, 16, 17, 14, 5, 8, 9, 18, 27}}","{"ESCCCCCCCCCCCSCCCCCCCCCCCSE", {1, 2, 3, 6, 15, 12, 11, 20, 21, 24, 23, 26, 25, 22, 19, 10, 13, 14, 17, 16, 7, 4, 5, 8, 9, 18, 27}}","{"ESCCCCCCCCCCCSCCCCCCCCCCCSE", {1, 2, 3, 6, 15, 12, 21, 24, 23, 20, 11, 10, 19, 22, 25, 26, 17, 14, 13, 16, 7, 4, 5, 8, 9, 18, 27}}","{"ESCCCCCCCCCCCSCCCCCCCCCCCSE", {1, 2, 3, 6, 15, 12, 21, 24, 23, 20, 11, 10, 19, 22, 25, 26, 17, 16, 7, 4, 13, 14, 5, 8, 9, 18, 27}}","{"ESCCCCCCCCCCCSCCCCCCCCCCCSE", {1, 2, 3, 6, 15, 12, 21, 24, 23, 20, 19, 10, 11, 14, 17, 18, 9, 8, 5, 4, 7, 16, 13, 22, 25, 26, 27}}","{"ESCCCCCCCCCCCSCCCCCCCCCCCSE", {1, 2, 3, 6, 15, 12, 21, 24, 23, 20, 19, 10, 11, 14, 17, 26, 25, 22, 13, 16, 7, 4, 5, 8, 9, 18, 27}}","{"ESCCCCCCCCCCCSCCCCCCCCCCCSE", {1, 2, 3, 6, 15, 18, 9, 8, 5, 4, 7, 16, 17, 14, 11, 12, 21, 24, 23, 20, 19, 10, 13, 22, 25, 26, 27}}","{"ESCCCCCCCCCCCSCCCCCCCCCCCSE", {1, 2, 3, 6, 15, 18, 9, 8, 17, 16, 7, 4, 5, 14, 23, 24, 21, 12, 11, 20, 19, 10, 13, 22, 25, 26, 27}}"
"{"ESCCCCCCCCCCCCCCCCCCCCCCCSE", {1, 2, 3, 6, 5, 8, 7, 4, 13, 10, 19, 20, 11, 12, 21, 24, 15, 14, 17, 16, 25, 22, 23, 26, 27, 18, 9}}","{"ESCCCCCCCCCCCCCCCCCCCCCCCSE", {1, 2, 3, 6, 5, 8, 7, 4, 13, 10, 19, 20, 11, 12, 21, 24, 15, 14, 23, 22, 25, 16, 17, 26, 27, 18, 9}}","{"ESCCCCCCCCCCCCCCCCCCCCCCCSE", {1, 2, 3, 6, 5, 8, 7, 4, 13, 14, 17, 16, 25, 26, 23, 22, 19, 10, 11, 20, 21, 12, 15, 24, 27, 18, 9}}","{"ESCCCCCCCCCCCCCCCCCCCCCCCSE", {1, 2, 3, 6, 5, 8, 7, 4, 13, 16, 25, 26, 17, 14, 23, 22, 19, 10, 11, 20, 21, 12, 15, 24, 27, 18, 9}}","{"ESCCCCCCCCCCCCCCCCCCCCCCCSE", {1, 2, 3, 6, 5, 8, 9, 18, 15, 14, 23, 22, 25, 26, 17, 16, 7, 4, 13, 10, 19, 20, 11, 12, 21, 24, 27}}","{"ESCCCCCCCCCCCCCCCCCCCCCCCSE", {1, 2, 3, 6, 5, 8, 9, 18, 15, 24, 21, 12, 11, 20, 19, 10, 13, 4, 7, 16, 17, 14, 23, 22, 25, 26, 27}}","{"ESCCCCCCCCCCCCCCCCCCCCCCCSE", {1, 2, 3, 6, 5, 8, 9, 18, 17, 26, 27, 24, 15, 12, 21, 20, 11, 10, 19, 22, 23, 14, 13, 4, 7, 16, 25}}","{"ESCCCCCCCCCCCCCCCCCCCCCCCSE", {1, 2, 3, 6, 5, 8, 9, 18, 17, 26, 27, 24, 15, 12, 21, 20, 23, 22, 19, 10, 11, 14, 13, 4, 7, 16, 25}}","{"ESCCCCCCCCCCCCCCCCCCCCCCCSE", {1, 2, 3, 6, 5, 14, 11, 10, 19, 22, 23, 20, 21, 12, 15, 24, 27, 18, 17, 26, 25, 16, 13, 4, 7, 8, 9}}","{"ESCCCCCCCCCCCCCCCCCCCCCCCSE", {1, 2, 3, 6, 5, 14, 11, 12, 21, 20, 23, 22, 19, 10, 13, 4, 7, 16, 17, 8, 9, 18, 15, 24, 27, 26, 25}}","{"ESCCCCCCCCCCCCCCCCCCCCCCCSE", {1, 2, 3, 6, 5, 14, 11, 12, 21, 24, 15, 18, 27, 26, 17, 16, 25, 22, 23, 20, 19, 10, 13, 4, 7, 8, 9}}","{"ESCCCCCCCCCCCCCCCCCCCCCCCSE", {1, 2, 3, 6, 5, 14, 15, 24, 21, 12, 11, 20, 19, 10, 13, 4, 7, 8, 17, 16, 25, 22, 23, 26, 27, 18, 9}}","{"ESCCCCCCCCCCCCCCCCCCCCCCCSE", {1, 2, 3, 6, 5, 14, 17, 16, 25, 22, 23, 26, 27, 18, 15, 24, 21, 12, 11, 20, 19, 10, 13, 4, 7, 8, 9}}","{"ESCCCCCCCCCCCCCCCCCCCCCCCSE", {1, 2, 3, 6, 5, 14, 17, 18, 27, 24, 15, 12, 21, 20, 11, 10, 19, 22, 23, 26, 25, 16, 13, 4, 7, 8, 9}}","{"ESCCCCCCCCCCCCCCCCCCCCCCCSE", {1, 2, 3, 6, 15, 12, 21, 20, 11, 10, 19, 22, 13, 14, 5, 4, 7, 8, 17, 16, 25, 26, 23, 24, 27, 18, 9}}","{"ESCCCCCCCCCCCCCCCCCCCCCCCSE", {1, 2, 3, 6, 15, 12, 21, 20, 23, 24, 27, 26, 17, 18, 9, 8, 5, 4, 7, 16, 13, 14, 11, 10, 19, 22, 25}}","{"ESCCCCCCCCCCCCCCCCCCCCCCCSE", {1, 2, 3, 6, 15, 12, 21, 24, 23, 14, 11, 20, 19, 10, 13, 22, 25, 26, 17, 16, 7, 4, 5, 8, 9, 18, 27}}","{"ESCCCCCCCCCCCCCCCCCCCCCCCSE", {1, 2, 3, 6, 15, 12, 21, 24, 23, 20, 19, 10, 11, 14, 13, 22, 25, 26, 17, 16, 7, 4, 5, 8, 9, 18, 27}}","{"ESCCCCCCCCCCCCCCCCCCCCCCCSE", {1, 2, 3, 6, 15, 14, 11, 12, 21, 24, 23, 20, 19, 10, 13, 22, 25, 26, 17, 16, 7, 4, 5, 8, 9, 18, 27}}","{"ESCCCCCCCCCCCCCCCCCCCCCCCSE", {1, 2, 3, 6, 15, 14, 23, 24, 21, 12, 11, 20, 19, 10, 13, 22, 25, 26, 17, 16, 7, 4, 5, 8, 9, 18, 27}}","{"ESCCCCCCCCCCCCCCCCCCCCCCCSE", {1, 2, 3, 6, 15, 18, 9, 8, 5, 4, 7, 16, 17, 14, 23, 24, 21, 12, 11, 20, 19, 10, 13, 22, 25, 26, 27}}"
"{"ESCCCCCCCCCSCCCSCCCCCCCCCSE", {1, 2, 3, 6, 5, 8, 7, 4, 13, 10, 19, 22, 25, 16, 17, 14, 11, 20, 21, 12, 15, 24, 23, 26, 27, 18, 9}}"
"{"ESCCCCCCCSCCCCCCCSCCCCCCCSE", {1, 2, 3, 6, 5, 8, 7, 4, 13, 14, 15, 12, 21, 20, 11, 10, 19, 22, 25, 16, 17, 26, 23, 24, 27, 18, 9}}"
"{"ESCCCCCCSCCCCSCCCCSCCCCCCSE", {1, 2, 3, 6, 5, 8, 7, 4, 13, 22, 19, 10, 11, 14, 17, 16, 25, 26, 23, 20, 21, 12, 15, 24, 27, 18, 9}}","{"ESCCCCCCSCCCCSCCCCSCCCCCCSE", {1, 2, 3, 6, 5, 8, 9, 18, 17, 16, 7, 4, 13, 14, 15, 24, 21, 12, 11, 10, 19, 20, 23, 22, 25, 26, 27}}","{"ESCCCCCCSCCCCSCCCCSCCCCCCSE", {1, 2, 3, 6, 15, 12, 21, 24, 23, 22, 25, 26, 17, 14, 11, 20, 19, 10, 13, 16, 7, 4, 5, 8, 9, 18, 27}}"
"{"ESCCCCCCSCCSCSCSCCSCCCCCCSE", {1, 2, 3, 6, 5, 8, 9, 18, 15, 12, 21, 24, 27, 26, 25, 16, 7, 4, 13, 22, 23, 20, 19, 10, 11, 14, 17}}"
"{"ESCCCCCSCCCCCSCCCCCSCCCCCSE", {1, 2, 3, 6, 5, 8, 9, 18, 27, 24, 15, 12, 11, 14, 17, 26, 23, 22, 25, 16, 7, 4, 13, 10, 19, 20, 21}}","{"ESCCCCCSCCCCCSCCCCCSCCCCCSE", {1, 2, 3, 6, 5, 8, 9, 18, 27, 24, 15, 12, 21, 20, 19, 10, 13, 4, 7, 16, 25, 22, 23, 26, 17, 14, 11}}","{"ESCCCCCSCCCCCSCCCCCSCCCCCSE", {1, 2, 3, 6, 5, 8, 9, 18, 27, 24, 15, 12, 21, 20, 19, 22, 23, 26, 17, 14, 11, 10, 13, 4, 7, 16, 25}}","{"ESCCCCCSCCCCCSCCCCCSCCCCCSE", {1, 2, 3, 6, 5, 8, 9, 18, 27, 24, 15, 12, 21, 20, 19, 22, 23, 26, 25, 16, 7, 4, 13, 10, 11, 14, 17}}","{"ESCCCCCSCCCCCSCCCCCSCCCCCSE", {1, 2, 3, 6, 5, 8, 9, 18, 27, 26, 23, 22, 25, 16, 7, 4, 13, 10, 19, 20, 21, 24, 15, 12, 11, 14, 17}}","{"ESCCCCCSCCCCCSCCCCCSCCCCCSE", {1, 2, 3, 6, 5, 8, 17, 14, 11, 12, 15, 24, 21, 20, 19, 10, 13, 4, 7, 16, 25, 22, 23, 26, 27, 18, 9}}","{"ESCCCCCSCCCCCSCCCCCSCCCCCSE", {1, 2, 3, 6, 15, 12, 11, 14, 17, 8, 5, 4, 7, 16, 25, 22, 13, 10, 19, 20, 21, 24, 23, 26, 27, 18, 9}}","{"ESCCCCCSCCCCCSCCCCCSCCCCCSE", {1, 2, 3, 6, 15, 12, 11, 14, 17, 26, 23, 24, 21, 20, 19, 10, 13, 22, 25, 16, 7, 4, 5, 8, 9, 18, 27}}","{"ESCCCCCSCCCCCSCCCCCSCCCCCSE", {1, 2, 3, 6, 15, 12, 11, 14, 17, 26, 23, 24, 27, 18, 9, 8, 5, 4, 7, 16, 25, 22, 13, 10, 19, 20, 21}}","{"ESCCCCCSCCCCCSCCCCCSCCCCCSE", {1, 2, 3, 6, 15, 12, 21, 20, 19, 10, 13, 22, 25, 16, 7, 4, 5, 8, 9, 18, 27, 24, 23, 26, 17, 14, 11}}","{"ESCCCCCSCCCCCSCCCCCSCCCCCSE", {1, 2, 3, 6, 15, 12, 21, 20, 19, 22, 13, 10, 11, 14, 17, 8, 5, 4, 7, 16, 25, 26, 23, 24, 27, 18, 9}}","{"ESCCCCCSCCCCCSCCCCCSCCCCCSE", {1, 2, 3, 6, 15, 12, 21, 24, 27, 26, 17, 18, 9, 8, 7, 4, 13, 16, 25, 22, 19, 10, 11, 20, 23, 14, 5}}","{"ESCCCCCSCCCCCSCCCCCSCCCCCSE", {1, 2, 3, 6, 15, 18, 9, 8, 7, 4, 13, 10, 19, 22, 25, 16, 17, 26, 27, 24, 21, 12, 11, 20, 23, 14, 5}}"
"{"ESCSCCCCCCSCCSCCSCCCCCCSCSE", {1, 2, 3, 6, 9, 8, 5, 4, 7, 16, 13, 10, 11, 14, 17, 18, 15, 12, 21, 20, 23, 24, 27, 26, 25, 22, 19}}","{"ESCSCCCCCCSCCSCCSCCCCCCSCSE", {1, 2, 3, 6, 9, 8, 5, 4, 7, 16, 13, 10, 11, 14, 17, 18, 15, 12, 21, 24, 23, 20, 19, 22, 25, 26, 27}}","{"ESCSCCCCCCSCCSCCSCCCCCCSCSE", {1, 2, 3, 6, 9, 8, 5, 4, 7, 16, 17, 18, 15, 14, 13, 10, 11, 12, 21, 24, 23, 20, 19, 22, 25, 26, 27}}","{"ESCSCCCCCCSCCSCCSCCCCCCSCSE", {1, 2, 3, 6, 9, 8, 5, 4, 13, 10, 11, 12, 21, 20, 19, 22, 23, 24, 15, 14, 17, 18, 27, 26, 25, 16, 7}}","{"ESCSCCCCCCSCCSCCSCCCCCCSCSE", {1, 2, 3, 6, 9, 8, 17, 18, 15, 24, 23, 22, 19, 20, 21, 12, 11, 10, 13, 14, 5, 4, 7, 16, 25, 26, 27}}"
"{"ESCSCCCCCCSCCCCCSCCCCCCSCSE", {1, 2, 3, 6, 9, 8, 5, 4, 7, 16, 13, 10, 11, 20, 21, 12, 15, 18, 17, 14, 23, 24, 27, 26, 25, 22, 19}}","{"ESCSCCCCCCSCCCCCSCCCCCCSCSE", {1, 2, 3, 6, 9, 8, 5, 4, 7, 16, 13, 10, 19, 20, 11, 12, 15, 18, 17, 14, 23, 22, 25, 26, 27, 24, 21}}","{"ESCSCCCCCCSCCCCCSCCCCCCSCSE", {1, 2, 3, 6, 9, 8, 5, 4, 7, 16, 17, 18, 15, 24, 21, 12, 11, 10, 13, 14, 23, 20, 19, 22, 25, 26, 27}}","{"ESCSCCCCCCSCCCCCSCCCCCCSCSE", {1, 2, 3, 6, 9, 8, 5, 4, 7, 16, 17, 18, 27, 24, 15, 12, 11, 10, 13, 14, 23, 26, 25, 22, 19, 20, 21}}","{"ESCSCCCCCCSCCCCCSCCCCCCSCSE", {1, 2, 3, 6, 9, 8, 5, 14, 17, 18, 15, 12, 11, 20, 21, 24, 23, 22, 19, 10, 13, 4, 7, 16, 25, 26, 27}}","{"ESCSCCCCCCSCCCCCSCCCCCCSCSE", {1, 2, 3, 6, 9, 8, 17, 14, 5, 4, 13, 22, 23, 20, 19, 10, 11, 12, 21, 24, 15, 18, 27, 26, 25, 16, 7}}"
"{"ESCSCCCCCCCCCCCCCCCCCCCSCSE", {1, 2, 3, 6, 9, 8, 5, 4, 13, 10, 19, 22, 23, 20, 11, 12, 21, 24, 15, 14, 17, 18, 27, 26, 25, 16, 7}}","{"ESCSCCCCCCCCCCCCCCCCCCCSCSE", {1, 2, 3, 6, 9, 8, 5, 4, 13, 14, 17, 18, 27, 26, 23, 24, 15, 12, 21, 20, 11, 10, 19, 22, 25, 16, 7}}","{"ESCSCCCCCCCCCCCCCCCCCCCSCSE", {1, 2, 3, 6, 9, 8, 5, 4, 13, 14, 23, 26, 17, 18, 27, 24, 15, 12, 21, 20, 11, 10, 19, 22, 25, 16, 7}}","{"ESCSCCCCCCCCCCCCCCCCCCCSCSE", {1, 2, 3, 6, 9, 8, 5, 14, 17, 18, 15, 24, 21, 12, 11, 20, 23, 22, 19, 10, 13, 4, 7, 16, 25, 26, 27}}","{"ESCSCCCCCCCCCCCCCCCCCCCSCSE", {1, 2, 3, 6, 9, 8, 17, 14, 5, 4, 13, 10, 19, 22, 23, 20, 11, 12, 21, 24, 15, 18, 27, 26, 25, 16, 7}}","{"ESCSCCCCCCCCCCCCCCCCCCCSCSE", {1, 2, 3, 6, 9, 8, 17, 18, 15, 24, 21, 12, 11, 20, 23, 22, 19, 10, 13, 14, 5, 4, 7, 16, 25, 26, 27}}","{"ESCSCCCCCCCCCCCCCCCCCCCSCSE", {1, 2, 3, 6, 9, 8, 17, 18, 27, 26, 23, 24, 21, 12, 15, 14, 5, 4, 13, 10, 11, 20, 19, 22, 25, 16, 7}}","{"ESCSCCCCCCCCCCCCCCCCCCCSCSE", {1, 2, 3, 6, 9, 18, 15, 14, 5, 8, 17, 16, 7, 4, 13, 10, 19, 22, 23, 20, 11, 12, 21, 24, 27, 26, 25}}","{"ESCSCCCCCCCCCCCCCCCCCCCSCSE", {1, 2, 3, 6, 9, 18, 15, 14, 17, 16, 7, 8, 5, 4, 13, 10, 19, 22, 23, 20, 11, 12, 21, 24, 27, 26, 25}}","{"ESCSCCCCCCCCCCCCCCCCCCCSCSE", {1, 2, 3, 6, 9, 18, 15, 24, 21, 12, 11, 20, 19, 10, 13, 22, 23, 14, 17, 8, 5, 4, 7, 16, 25, 26, 27}}","{"ESCSCCCCCCCCCCCCCCCCCCCSCSE", {1, 2, 3, 6, 9, 18, 15, 24, 21, 12, 11, 20, 23, 14, 17, 16, 7, 8, 5, 4, 13, 10, 19, 22, 25, 26, 27}}","{"ESCSCCCCCCCCCCCCCCCCCCCSCSE", {1, 2, 3, 6, 9, 18, 15, 24, 21, 12, 11, 20, 23, 22, 19, 10, 13, 14, 17, 8, 5, 4, 7, 16, 25, 26, 27}}","{"ESCSCCCCCCCCCCCCCCCCCCCSCSE", {1, 2, 3, 6, 9, 18, 17, 8, 5, 4, 7, 16, 13, 14, 23, 24, 15, 12, 21, 20, 11, 10, 19, 22, 25, 26, 27}}","{"ESCSCCCCCCCCCCCCCCCCCCCSCSE", {1, 2, 3, 6, 9, 18, 17, 8, 5, 4, 13, 10, 19, 22, 23, 14, 11, 20, 21, 12, 15, 24, 27, 26, 25, 16, 7}}","{"ESCSCCCCCCCCCCCCCCCCCCCSCSE", {1, 2, 3, 6, 9, 18, 17, 8, 5, 4, 13, 10, 19, 22, 23, 20, 21, 12, 11, 14, 15, 24, 27, 26, 25, 16, 7}}","{"ESCSCCCCCCCCCCCCCCCCCCCSCSE", {1, 2, 3, 6, 9, 18, 17, 8, 5, 4, 13, 14, 11, 10, 19, 22, 23, 20, 21, 12, 15, 24, 27, 26, 25, 16, 7}}","{"ESCSCCCCCCCCCCCCCCCCCCCSCSE", {1, 2, 3, 6, 9, 18, 17, 8, 5, 4, 13, 14, 23, 22, 19, 10, 11, 20, 21, 12, 15, 24, 27, 26, 25, 16, 7}}"
"{"ESCSCCCCCCCCSCSCCCCCCCCSCSE", {1, 2, 3, 6, 9, 8, 5, 14, 13, 4, 7, 16, 17, 18, 15, 12, 21, 24, 23, 20, 11, 10, 19, 22, 25, 26, 27}}","{"ESCSCCCCCCCCSCSCCCCCCCCSCSE", {1, 2, 3, 6, 9, 8, 17, 14, 5, 4, 7, 16, 13, 10, 11, 12, 21, 20, 23, 24, 15, 18, 27, 26, 25, 22, 19}}"
"{"ESCSCSCCSCCCCSCCCCSCCSCSCSE", {1, 2, 3, 6, 9, 8, 7, 16, 17, 18, 15, 24, 23, 14, 5, 4, 13, 10, 11, 12, 21, 20, 19, 22, 25, 26, 27}}"
"{"ESCSCCCCSCCCCSCCCCSCCCCSCSE", {1, 2, 3, 6, 9, 8, 17, 18, 15, 12, 21, 24, 23, 14, 5, 4, 7, 16, 13, 10, 11, 20, 19, 22, 25, 26, 27}}"
"{"ESCSCCSCCCCCCSCCCCCCSCCSCSE", {1, 2, 3, 6, 9, 18, 15, 12, 11, 20, 21, 24, 23, 14, 5, 4, 7, 8, 17, 16, 13, 10, 19, 22, 25, 26, 27}}","{"ESCSCCSCCCCCCSCCCCCCSCCSCSE", {1, 2, 3, 6, 9, 18, 15, 12, 21, 24, 23, 20, 11, 14, 17, 8, 5, 4, 7, 16, 13, 10, 19, 22, 25, 26, 27}}","{"ESCSCCSCCCCCCSCCCCCCSCCSCSE", {1, 2, 3, 6, 9, 18, 17, 16, 7, 8, 5, 4, 13, 14, 15, 24, 23, 20, 21, 12, 11, 10, 19, 22, 25, 26, 27}}","{"ESCSCCSCCCCCCSCCCCCCSCCSCSE", {1, 2, 3, 6, 9, 18, 17, 16, 13, 4, 7, 8, 5, 14, 23, 20, 21, 24, 15, 12, 11, 10, 19, 22, 25, 26, 27}}"
"{"ESCSCCSCCCCCCCCCCCCCSCCSCSE", {1, 2, 3, 6, 9, 18, 15, 12, 11, 20, 21, 24, 23, 14, 17, 8, 5, 4, 7, 16, 13, 10, 19, 22, 25, 26, 27}}","{"ESCSCCSCCCCCCCCCCCCCSCCSCSE", {1, 2, 3, 6, 9, 18, 17, 16, 7, 8, 5, 4, 13, 14, 23, 20, 21, 24, 15, 12, 11, 10, 19, 22, 25, 26, 27}}"
"{"ESCSCCCCCCCCCSCCCCCCCCCSCSE", {1, 2, 3, 6, 9, 18, 15, 24, 21, 12, 11, 20, 23, 14, 5, 8, 17, 16, 7, 4, 13, 10, 19, 22, 25, 26, 27}}","{"ESCSCCCCCCCCCSCCCCCCCCCSCSE", {1, 2, 3, 6, 9, 18, 15, 24, 23, 20, 21, 12, 11, 14, 17, 16, 7, 8, 5, 4, 13, 10, 19, 22, 25, 26, 27}}","{"ESCSCCCCCCCCCSCCCCCCCCCSCSE", {1, 2, 3, 6, 9, 18, 17, 8, 5, 4, 7, 16, 13, 14, 15, 12, 21, 24, 23, 20, 11, 10, 19, 22, 25, 26, 27}}","{"ESCSCCCCCCCCCSCCCCCCCCCSCSE", {1, 2, 3, 6, 9, 18, 17, 8, 7, 16, 13, 4, 5, 14, 23, 24, 15, 12, 21, 20, 11, 10, 19, 22, 25, 26, 27}}"
"{"ESCSCSCCCCSCCCCCSCCCCSCSCSE", {1, 2, 3, 6, 9, 18, 27, 24, 15, 12, 11, 10, 13, 14, 23, 26, 17, 8, 5, 4, 7, 16, 25, 22, 19, 20, 21}}"
"{"ESCCCCSCCSCCCSCCCSCCSCCCCSE", {1, 2, 3, 6, 15, 12, 11, 10, 19, 20, 21, 24, 23, 14, 5, 4, 7, 8, 9, 18, 17, 16, 13, 22, 25, 26, 27}}"
"{"ESCCSCCCCCCCCCCCCCCCCCSCCSE", {1, 2, 3, 6, 15, 24, 21, 12, 11, 14, 5, 4, 7, 8, 17, 16, 25, 22, 13, 10, 19, 20, 23, 26, 27, 18, 9}}"
"{"ECCSCSCSCCSCCSCCSCCSCSCSCCE", {5, 6, 9, 8, 7, 4, 1, 2, 3, 12, 11, 10, 13, 14, 15, 18, 17, 16, 25, 22, 19, 20, 21, 24, 27, 26, 23}}","{"ECCSCSCSCCSCCSCCSCCSCSCSCCE", {5, 6, 9, 8, 7, 4, 1, 2, 3, 12, 11, 10, 13, 14, 15, 18, 17, 16, 25, 26, 27, 24, 21, 20, 19, 22, 23}}","{"ECCSCSCSCCSCCSCCSCCSCSCSCCE", {5, 6, 9, 8, 7, 4, 1, 2, 3, 12, 15, 18, 17, 14, 11, 10, 13, 16, 25, 26, 27, 24, 21, 20, 19, 22, 23}}"
"{"ECCSCSCCCCCCCSCCCCCCCSCSCCE", {5, 6, 9, 8, 7, 4, 1, 10, 11, 2, 3, 12, 15, 14, 13, 16, 25, 26, 17, 18, 27, 24, 21, 20, 19, 22, 23}}","{"ECCSCSCCCCCCCSCCCCCCCSCSCCE", {5, 6, 9, 8, 7, 4, 1, 10, 11, 2, 3, 12, 15, 14, 13, 16, 25, 26, 23, 22, 19, 20, 21, 24, 27, 18, 17}}","{"ECCSCSCCCCCCCSCCCCCCCSCSCCE", {5, 6, 9, 8, 7, 16, 25, 22, 23, 20, 19, 10, 11, 14, 17, 26, 27, 18, 15, 24, 21, 12, 3, 2, 1, 4, 13}}","{"ECCSCSCCCCCCCSCCCCCCCSCSCCE", {5, 6, 9, 8, 7, 16, 25, 22, 23, 26, 27, 18, 17, 14, 11, 2, 3, 12, 15, 24, 21, 20, 19, 10, 1, 4, 13}}","{"ECCSCSCCCCCCCSCCCCCCCSCSCCE", {5, 6, 9, 8, 7, 16, 25, 26, 17, 18, 27, 24, 15, 14, 13, 4, 1, 10, 11, 2, 3, 12, 21, 20, 19, 22, 23}}","{"ECCSCSCCCCCCCSCCCCCCCSCSCCE", {5, 6, 9, 18, 27, 26, 25, 16, 13, 4, 7, 8, 17, 14, 11, 20, 21, 24, 15, 12, 3, 2, 1, 10, 19, 22, 23}}","{"ECCSCSCCCCCCCSCCCCCCCSCSCCE", {5, 6, 9, 18, 27, 26, 25, 16, 17, 8, 7, 4, 13, 14, 15, 24, 21, 20, 11, 12, 3, 2, 1, 10, 19, 22, 23}}"
"{"ECCSCSCCCCCCCCCCCCCCCSCSCCE", {5, 6, 9, 8, 7, 4, 1, 10, 11, 2, 3, 12, 15, 14, 17, 18, 27, 26, 23, 24, 21, 20, 19, 22, 25, 16, 13}}","{"ECCSCSCCCCCCCCCCCCCCCSCSCCE", {5, 6, 9, 8, 7, 4, 1, 10, 11, 2, 3, 12, 15, 14, 23, 26, 25, 16, 13, 22, 19, 20, 21, 24, 27, 18, 17}}","{"ECCSCSCCCCCCCCCCCCCCCSCSCCE", {5, 6, 9, 8, 7, 16, 25, 26, 17, 18, 27, 24, 15, 14, 11, 10, 19, 22, 23, 20, 21, 12, 3, 2, 1, 4, 13}}","{"ECCSCSCCCCCCCCCCCCCCCSCSCCE", {5, 6, 9, 8, 7, 16, 25, 26, 17, 18, 27, 24, 15, 14, 23, 22, 19, 10, 11, 20, 21, 12, 3, 2, 1, 4, 13}}","{"ECCSCSCCCCCCCCCCCCCCCSCSCCE", {5, 6, 9, 18, 27, 24, 21, 20, 11, 10, 19, 22, 13, 14, 23, 26, 25, 16, 17, 8, 7, 4, 1, 2, 3, 12, 15}}","{"ECCSCSCCCCCCCCCCCCCCCSCSCCE", {5, 6, 9, 18, 27, 24, 21, 20, 11, 10, 19, 22, 13, 16, 25, 26, 23, 14, 15, 12, 3, 2, 1, 4, 7, 8, 17}}","{"ECCSCSCCCCCCCCCCCCCCCSCSCCE", {5, 6, 9, 18, 27, 24, 21, 20, 11, 10, 19, 22, 13, 16, 25, 26, 23, 14, 17, 8, 7, 4, 1, 2, 3, 12, 15}}","{"ECCSCSCCCCCCCCCCCCCCCSCSCCE", {5, 6, 9, 18, 27, 24, 21, 20, 11, 10, 19, 22, 23, 26, 25, 16, 13, 14, 17, 8, 7, 4, 1, 2, 3, 12, 15}}","{"ECCSCSCCCCCCCCCCCCCCCSCSCCE", {5, 6, 9, 18, 27, 24, 21, 20, 11, 14, 13, 10, 19, 22, 23, 26, 25, 16, 17, 8, 7, 4, 1, 2, 3, 12, 15}}","{"ECCSCSCCCCCCCCCCCCCCCSCSCCE", {5, 6, 9, 18, 27, 26, 25, 16, 13, 4, 7, 8, 17, 14, 15, 24, 21, 20, 11, 12, 3, 2, 1, 10, 19, 22, 23}}","{"ECCSCSCCCCCCCCCCCCCCCSCSCCE", {5, 6, 9, 18, 27, 26, 25, 16, 13, 14, 11, 2, 3, 12, 15, 24, 21, 20, 23, 22, 19, 10, 1, 4, 7, 8, 17}}"
"{"ECCSCSCCSCCCCSCCCCSCCSCSCCE", {5, 6, 9, 8, 7, 4, 1, 10, 13, 16, 25, 26, 17, 14, 11, 2, 3, 12, 15, 18, 27, 24, 21, 20, 19, 22, 23}}","{"ECCSCSCCSCCCCSCCCCSCCSCSCCE", {5, 6, 9, 18, 27, 24, 21, 20, 11, 2, 3, 12, 15, 14, 13, 16, 25, 26, 17, 8, 7, 4, 1, 10, 19, 22, 23}}"
"{"ECCSCSCCSCCCCCCCCCSCCSCSCCE", {5, 6, 9, 8, 7, 4, 1, 10, 13, 16, 25, 26, 17, 14, 15, 18, 27, 24, 23, 22, 19, 20, 21, 12, 3, 2, 11}}"
"{"ECCSCCCCCSCCCSCCCSCCCCCSCCE", {5, 6, 9, 8, 7, 4, 13, 10, 1, 2, 3, 12, 11, 14, 17, 16, 25, 26, 27, 18, 15, 24, 21, 20, 19, 22, 23}}","{"ECCSCCCCCSCCCSCCCSCCCCCSCCE", {5, 6, 9, 8, 7, 4, 13, 16, 25, 26, 27, 18, 17, 14, 11, 10, 1, 2, 3, 12, 15, 24, 21, 20, 19, 22, 23}}","{"ECCSCCCCCSCCCSCCCSCCCCCSCCE", {5, 6, 9, 18, 27, 26, 23, 22, 25, 16, 7, 8, 17, 14, 11, 10, 19, 20, 21, 24, 15, 12, 3, 2, 1, 4, 13}}"
"{"ECCSCCCCCSCCCCCCCSCCCCCSCCE", {5, 6, 9, 8, 7, 4, 13, 10, 1, 2, 3, 12, 11, 14, 23, 22, 19, 20, 21, 24, 15, 18, 27, 26, 25, 16, 17}}","{"ECCSCCCCCSCCCCCCCSCCCCCSCCE", {5, 6, 9, 8, 7, 16, 13, 4, 1, 2, 3, 12, 15, 14, 11, 10, 19, 22, 25, 26, 17, 18, 27, 24, 21, 20, 23}}","{"ECCSCCCCCSCCCCCCCSCCCCCSCCE", {5, 6, 9, 8, 7, 16, 13, 4, 1, 2, 3, 12, 15, 14, 23, 20, 21, 24, 27, 18, 17, 26, 25, 22, 19, 10, 11}}","{"ECCSCCCCCSCCCCCCCSCCCCCSCCE", {5, 6, 9, 8, 7, 16, 13, 4, 1, 2, 3, 12, 15, 14, 23, 26, 25, 22, 19, 10, 11, 20, 21, 24, 27, 18, 17}}"
"{"ECCSCCCCCSCSCSCSCSCCCCCSCCE", {5, 6, 9, 8, 7, 4, 13, 16, 25, 26, 27, 24, 21, 12, 3, 2, 1, 10, 19, 22, 23, 20, 11, 14, 17, 18, 15}}"
"{"ECCSCCSCCSCCCCCCCSCCSCCSCCE", {5, 6, 9, 8, 7, 4, 13, 22, 19, 20, 21, 24, 23, 14, 11, 10, 1, 2, 3, 12, 15, 18, 27, 26, 25, 16, 17}}","{"ECCSCCSCCSCCCCCCCSCCSCCSCCE", {5, 6, 9, 8, 7, 16, 17, 18, 27, 26, 25, 22, 23, 14, 13, 4, 1, 2, 3, 12, 11, 10, 19, 20, 21, 24, 15}}","{"ECCSCCSCCSCCCCCCCSCCSCCSCCE", {5, 6, 9, 8, 7, 16, 17, 18, 27, 26, 25, 22, 23, 14, 13, 4, 1, 10, 19, 20, 11, 2, 3, 12, 21, 24, 15}}","{"ECCSCCSCCSCCCCCCCSCCSCCSCCE", {5, 6, 9, 8, 7, 16, 17, 18, 27, 26, 25, 22, 23, 14, 15, 24, 21, 20, 19, 10, 11, 12, 3, 2, 1, 4, 13}}","{"ECCSCCSCCSCCCCCCCSCCSCCSCCE", {5, 6, 9, 18, 27, 26, 17, 8, 7, 16, 25, 22, 23, 14, 13, 4, 1, 2, 3, 12, 11, 10, 19, 20, 21, 24, 15}}"
"{"ECCSCSCSCCCCCCCCCCCSCSCSCCE", {5, 6, 9, 8, 7, 16, 25, 22, 19, 10, 11, 20, 23, 14, 15, 18, 17, 26, 27, 24, 21, 12, 3, 2, 1, 4, 13}}"
"{"ECCSCSCCCCCSCCCSCCCCCSCSCCE", {5, 6, 9, 8, 7, 16, 25, 22, 23, 20, 19, 10, 1, 4, 13, 14, 15, 18, 17, 26, 27, 24, 21, 12, 3, 2, 11}}"
"{"ECCSCSCSCCCCCSCCCCCSCSCSCCE", {5, 6, 9, 8, 7, 16, 25, 26, 27, 24, 15, 18, 17, 14, 11, 10, 13, 4, 1, 2, 3, 12, 21, 20, 19, 22, 23}}"
"{"ECCCCSCSCSCCSCSCCSCSCSCCCCE", {5, 6, 15, 18, 9, 8, 7, 4, 1, 2, 3, 12, 11, 10, 13, 16, 25, 22, 19, 20, 21, 24, 27, 26, 17, 14, 23}}","{"ECCCCSCSCSCCSCSCCSCSCSCCCCE", {5, 6, 15, 18, 9, 8, 7, 4, 1, 2, 3, 12, 11, 10, 13, 16, 25, 22, 19, 20, 21, 24, 27, 26, 23, 14, 17}}","{"ECCCCSCSCSCCSCSCCSCSCSCCCCE", {5, 6, 15, 18, 9, 8, 7, 4, 1, 2, 3, 12, 11, 10, 13, 16, 25, 26, 27, 24, 21, 20, 19, 22, 23, 14, 17}}"
"{"ECCCCSCSCSCCCSCCCSCSCSCCCCE", {5, 6, 15, 18, 9, 8, 7, 4, 1, 2, 3, 12, 11, 14, 17, 16, 25, 26, 27, 24, 21, 20, 19, 10, 13, 22, 23}}"
"{"ECCCCSCSCSCCCCCCCSCSCSCCCCE", {5, 6, 15, 18, 9, 8, 7, 4, 1, 10, 19, 20, 23, 14, 11, 2, 3, 12, 21, 24, 27, 26, 25, 22, 13, 16, 17}}","{"ECCCCSCSCSCCCCCCCSCSCSCCCCE", {5, 6, 15, 18, 9, 8, 7, 16, 25, 22, 19, 20, 11, 10, 13, 4, 1, 2, 3, 12, 21, 24, 27, 26, 17, 14, 23}}","{"ECCCCSCSCSCCCCCCCSCSCSCCCCE", {5, 6, 15, 18, 9, 8, 7, 16, 25, 22, 19, 20, 11, 10, 13, 4, 1, 2, 3, 12, 21, 24, 27, 26, 23, 14, 17}}"
"{"ECSCCSCSCSCCCSCCCSCSCSCCSCE", {5, 6, 15, 24, 27, 18, 9, 8, 7, 16, 25, 26, 17, 14, 11, 2, 3, 12, 21, 20, 19, 10, 1, 4, 13, 22, 23}}","{"ECSCCSCSCSCCCSCCCSCSCSCCSCE", {5, 6, 15, 24, 27, 18, 9, 8, 7, 16, 25, 26, 17, 14, 11, 10, 19, 20, 21, 12, 3, 2, 1, 4, 13, 22, 23}}","{"ECSCCSCSCSCCCSCCCSCSCSCCSCE", {5, 6, 15, 24, 27, 26, 25, 16, 7, 8, 9, 18, 17, 14, 11, 10, 19, 20, 21, 12, 3, 2, 1, 4, 13, 22, 23}}"